Invoice ID,Branch,City,Customer type,Gender,Product line,Unit price,Quantity,Tax 5%,Total,Date,Time,Payment,cogs,gross margin percentage,gross income,Rating
747-39-8913,C,Hyderabad,Member,Male,Sports and travel,10.17,1.0,0.5085,10.6785,43648,0.59375,Cash,10.17,4.761904762,0.5085,5.9
784-21-9238,C,Mumbai,Member,Male,Sports and travel,10.17,1.0,0.5085,10.6785,43648,0.59375,Cash,10.17,4.761904762,0.5085,5.9
308-39-1707,C,Delhi,Normal,Female,Fashion accessories,12.09,1.0,0.6045,12.6945,1/26/2019,18:19:00,Cash,12.09,4.761904762,0.6045,8.2
331-98-7546,A,Mumbai,Normal,Male,Fashion accessories,12.09,1.0,0.6045,12.6945,1/26/2019,18:19:00,Cash,12.09,4.761904762,0.6045,8.2
531-63-1563,C,Delhi,Normal,Female,Fashion accessories,12.09,1.0,0.6045,12.6945,1/26/2019,18:19:00,Cash,12.09,4.761904762,0.6045,8.2
128-77-6953,A,Mumbai,Normal,Male,Fashion accessories,12.09,1.0,0.6045,12.6945,1/26/2019,18:19:00,Cash,12.09,4.761904762,0.6045,8.2
279-62-1445,C,Hyderabad,Member,Male,Fashion accessories,12.54,1.0,0.627,13.167,2/21/2019,12:38:00,Cash,12.54,4.761904762,0.627,8.2
324-44-3901,A,Hyderabad,Member,Male,Food and beverages,12.54,1.0,0.627,13.167,2/21/2019,12:38:00,Ewallet,12.54,4.761904762,0.627,8.2
192-98-7397,A,Hyderabad,Normal,Male,Fashion accessories,12.78,1.0,0.639,13.419,43678,14:11:00,Ewallet,12.78,4.761904762,0.639,9.5
716-38-8338,A,Hyderabad,Normal,Male,Fashion accessories,12.78,1.0,0.639,13.419,43678,14:11:00,Ewallet,12.78,4.761904762,0.639,9.5
236-86-3015,A,Hyderabad,Member,Male,Home and lifestyle,13.98,1.0,0.699,14.679,43557,13:38:00,Ewallet,13.98,4.761904762,0.699,9.8
490-29-1201,A,Mumbai,Normal,Female,Sports and travel,15.34,1.0,0.767,16.107,43617,11:09:00,Cash,15.34,4.761904762,0.767,6.5
778-71-5554,C,Hyderabad,Member,Male,Fashion accessories,15.43,1.0,0.7715,16.2015,1/25/2019,15:46:00,Credit card,15.43,4.761904762,0.7715,6.1
593-08-5916,A,Delhi,Normal,Female,Fashion accessories,15.5,1.0,0.775,16.275,3/19/2019,15:23:00,Cash,15.5,4.761904762,0.775,7.4
489-64-4354,C,Hyderabad,Normal,Male,Fashion accessories,16.28,1.0,0.814,17.094,43711,15:36:00,Cash,16.28,4.761904762,0.814,5.0
689-22-9889,C,Hyderabad,Normal,Male,Fashion accessories,16.28,1.0,0.814,17.094,43711,15:36:00,Cash,16.28,4.761904762,0.814,5.0
559-61-5987,B,Mumbai,Normal,Female,Health and beauty,17.75,1.0,0.8875,18.6375,1/14/2019,10:38:00,Cash,17.75,4.761904762,0.8875,8.6
802-43-8934,B,Delhi,Normal,Male,Home and lifestyle,18.28,1.0,0.914,19.194,3/22/2019,15:05:00,Credit card,18.28,4.761904762,0.914,8.3
382-03-4532,A,Delhi,Member,Male,Food and beverages,18.33,1.0,0.9165,19.2465,43498,18:50:00,Cash,18.33,4.761904762,0.9165,4.3
750-80-6894,C,Delhi,Member,Male,Food and beverages,18.33,1.0,0.9165,19.2465,43498,18:50:00,Cash,18.33,4.761904762,0.9165,4.3
390-80-5128,C,Mumbai,Member,Female,Food and beverages,19.15,1.0,0.9575,20.1075,1/28/2019,17:58:00,Cash,19.15,4.761904762,0.9575,9.5
707-49-5478,C,Mumbai,Member,Male,Food and beverages,19.15,1.0,0.9575,20.1075,1/28/2019,17:58:00,Cash,19.15,4.761904762,0.9575,9.5
185-54-5701,A,Delhi,Normal,Male,Fashion accessories,19.7,1.0,0.985,20.685,43679,11:39:00,Ewallet,19.7,4.761904762,0.985,9.5
756-49-0168,A,Mumbai,Member,Male,Fashion accessories,19.7,1.0,0.985,20.685,43679,11:39:00,Ewallet,19.7,4.761904762,0.985,9.5
896-34-0956,A,Mumbai,Normal,Male,Food and beverages,21.32,1.0,1.066,22.386,1/26/2019,12:43:00,Cash,21.32,4.761904762,1.066,5.9
106-12-7026,A,Hyderabad,Normal,Male,Food and beverages,21.58,1.0,1.079,22.659,43710,10:02:00,Ewallet,21.58,4.761904762,1.079,7.2
746-19-0921,A,Hyderabad,Normal,Male,Food and beverages,21.58,1.0,1.079,22.659,43710,10:02:00,Ewallet,21.58,4.761904762,1.079,7.2
803-60-8708,C,Hyderabad,Normal,Male,Sports and travel,22.38,1.0,1.119,23.499,1/30/2019,17:08:00,Credit card,22.38,4.761904762,1.119,8.6
862-29-5914,C,Mumbai,Normal,Female,Food and beverages,22.38,1.0,1.119,23.499,1/30/2019,17:08:00,Cash,22.38,4.761904762,1.119,8.6
320-32-8842,C,Hyderabad,Member,Female,Food and beverages,22.62,1.0,1.131,23.751,3/17/2019,18:58:00,Cash,22.62,4.761904762,1.131,6.4
756-67-2028,C,Hyderabad,Member,Female,Food and beverages,22.62,1.0,1.131,23.751,3/17/2019,18:58:00,Cash,22.62,4.761904762,1.131,6.4
597-58-5157,C,Hyderabad,Member,Female,Food and beverages,22.62,1.0,1.131,23.751,3/17/2019,18:58:00,Cash,22.62,4.761904762,1.131,6.4
556-72-8512,C,Hyderabad,Normal,Male,Home and lifestyle,22.96,1.0,1.148,24.108,1/30/2019,20:47:00,Cash,22.96,4.761904762,1.148,4.3
633-91-1052,A,Mumbai,Normal,Male,Home and lifestyle,12.03,2.0,1.203,25.263,1/27/2019,15:51:00,Cash,24.06,4.761904762,1.203,5.1
137-42-4232,A,Hyderabad,Normal,Male,Home and lifestyle,12.03,2.0,1.203,25.263,1/27/2019,15:51:00,Cash,24.06,4.761904762,1.203,
568-88-3448,A,Delhi,Normal,Male,Food and beverages,25.0,1.0,1.25,26.25,43527,15:09:00,Ewallet,25.0,4.761904762,1.25,5.5
856-22-8149,A,Delhi,Normal,Male,Food and beverages,25.29,1.0,1.2645,26.5545,3/23/2019,10:13:00,Ewallet,25.29,4.761904762,1.2645,6.1
156-20-0370,B,Mumbai,Normal,Female,Electronic accessories,25.45,1.0,1.2725,26.7225,43741,18:10:00,Cash,25.45,4.761904762,1.2725,5.1
719-48-8240,B,Mumbai,Normal,Male,Electronic accessories,25.45,1.0,1.2725,26.7225,43741,18:10:00,Credit card,25.45,4.761904762,1.2725,5.1
838-02-1821,C,Mumbai,Member,Female,Home and lifestyle,12.73,2.0,1.273,26.733,2/22/2019,12:10:00,Cash,25.46,4.761904762,1.273,5.2
330-97-1282,A,Delhi,Member,Male,Sports and travel,12.76,2.0,1.276,26.796,43678,18:06:00,Cash,25.52,4.761904762,1.276,7.8
840-76-5966,A,Mumbai,Member,Male,Sports and travel,12.76,2.0,1.276,26.796,43678,18:06:00,Cash,25.52,4.761904762,1.276,7.8
750-21-2516,A,Delhi,Member,Male,Sports and travel,12.76,2.0,1.276,26.796,43678,18:06:00,Cash,25.52,4.761904762,1.276,7.8
296-11-7041,C,Mumbai,Member,Female,Health and beauty,27.07,1.0,1.3535,28.4235,43800,20:07:00,Cash,27.07,4.761904762,1.3535,5.3
269-68-1976,A,Mumbai,Member,Female,Health and beauty,27.07,1.0,1.3535,28.4235,43800,20:07:00,Cash,27.07,4.761904762,1.3535,5.3
883-17-4236,C,Mumbai,Normal,Male,Food and beverages,14.39,2.0,1.439,30.219,43499,19:44:00,Credit card,28.78,4.761904762,1.439,7.2
421-95-9805,C,Delhi,Normal,Female,Electronic accessories,28.96,1.0,1.448,30.408,43648,10:18:00,Cash,28.96,4.761904762,1.448,6.2
832-76-8603,A,Delhi,Normal,Male,Electronic accessories,28.96,1.0,1.448,30.408,43648,10:18:00,Credit card,28.96,4.761904762,1.448,6.2
436-49-8712,C,Delhi,Normal,Male,Electronic accessories,28.96,1.0,1.448,30.408,43648,10:18:00,Cash,28.96,4.761904762,1.448,6.2
764-44-8999,B,Mumbai,Normal,Female,Health and beauty,14.76,2.0,1.476,30.996,2/18/2019,14:42:00,Cash,29.52,4.761904762,1.476,4.3
549-23-9016,C,Mumbai,Member,Female,Food and beverages,14.87,2.0,1.487,31.227,2/13/2019,18:15:00,Cash,29.74,4.761904762,1.487,8.9
904-91-4438,C,Mumbai,Member,Male,Food and beverages,14.87,2.0,1.487,31.227,2/13/2019,18:15:00,Credit card,29.74,4.761904762,1.487,8.9
279-28-6899,C,Hyderabad,Normal,Male,Electronic accessories,30.24,1.0,1.512,31.752,43558,15:44:00,Cash,30.24,4.761904762,1.512,8.4
320-49-6392,C,Mumbai,Normal,Female,Electronic accessories,30.24,1.0,1.512,31.752,43558,15:44:00,Cash,30.24,4.761904762,1.512,8.4
789-49-5406,A,Hyderabad,Normal,Male,Food and beverages,30.24,1.0,1.512,31.752,43558,15:44:00,Ewallet,30.24,4.761904762,1.512,8.4
347-42-2957,C,Mumbai,Normal,Female,Electronic accessories,30.24,1.0,1.512,31.752,43558,15:44:00,Cash,30.24,4.761904762,1.512,8.4
462-26-6873,C,Hyderabad,Member,Female,Food and beverages,30.41,1.0,1.5205,31.9305,2/22/2019,10:36:00,Credit card,30.41,4.761904762,1.5205,8.4
488-25-4221,C,Hyderabad,Member,Male,Food and beverages,30.41,1.0,1.5205,31.9305,2/22/2019,10:36:00,Credit card,30.41,4.761904762,1.5205,8.4
318-12-0304,C,Delhi,Normal,Male,Fashion accessories,30.61,1.0,1.5305,32.1405,1/23/2019,12:20:00,Cash,30.61,4.761904762,1.5305,5.2
670-87-6531,A,Mumbai,Normal,Male,Fashion accessories,30.61,1.0,1.5305,32.1405,1/23/2019,12:20:00,Ewallet,30.61,4.761904762,1.5305,5.2
562-14-5324,C,Delhi,Normal,Male,Fashion accessories,30.61,1.0,1.5305,32.1405,1/23/2019,12:20:00,Cash,30.61,4.761904762,1.5305,5.2
881-64-5423,A,Hyderabad,Normal,Male,Fashion accessories,30.61,1.0,1.5305,32.1405,1/23/2019,12:20:00,Ewallet,30.61,4.761904762,1.5305,
307-04-2070,A,Mumbai,Member,Female,Fashion accessories,30.62,1.0,1.531,32.151,43587,14:14:00,Cash,30.62,4.761904762,1.531,4.1
318-17-7765,A,Mumbai,Member,Female,Fashion accessories,30.62,1.0,1.531,32.151,43587,14:14:00,Cash,30.62,4.761904762,1.531,4.1
617-15-4209,C,Hyderabad,Member,Male,Health and beauty,15.37,2.0,1.537,32.277,3/16/2019,19:47:00,Cash,30.74,4.761904762,1.537,7.2
434-33-2398,C,Hyderabad,Member,Male,Health and beauty,15.37,2.0,1.537,32.277,3/16/2019,19:47:00,Cash,30.74,4.761904762,1.537,
620-69-8733,C,Hyderabad,Member,Male,Sports and travel,15.49,2.0,1.549,32.529,1/16/2019,15:10:00,Cash,30.98,4.761904762,1.549,6.3
859-71-0933,C,Mumbai,Member,Female,Food and beverages,15.49,2.0,1.549,32.529,1/16/2019,15:10:00,Cash,30.98,4.761904762,1.549,6.3
811-69-9462,C,Hyderabad,Member,Male,Sports and travel,15.49,2.0,1.549,32.529,1/16/2019,15:10:00,Cash,30.98,4.761904762,1.549,
545-46-3100,B,Mumbai,Member,Male,Electronic accessories,10.59,3.0,1.5885,33.3585,43802,13:52:00,Credit card,31.77,4.761904762,1.5885,8.7
687-19-1927,B,Mumbai,Member,Male,Electronic accessories,10.59,3.0,1.5885,33.3585,43802,13:52:00,Credit card,31.77,4.761904762,1.5885,8.7
819-48-2712,B,Mumbai,Member,Male,Electronic accessories,10.59,3.0,1.5885,33.3585,43802,13:52:00,Credit card,31.77,4.761904762,1.5885,
319-44-3998,A,Delhi,Member,Male,Food and beverages,31.84,1.0,1.592,33.432,43710,13:22:00,Cash,31.84,4.761904762,1.592,7.7
727-02-1313,A,Mumbai,Member,Male,Food and beverages,31.84,1.0,1.592,33.432,43710,13:22:00,Cash,31.84,4.761904762,1.592,7.7
471-31-3164,A,Delhi,Member,Male,Food and beverages,31.84,1.0,1.592,33.432,43710,13:22:00,Cash,31.84,4.761904762,1.592,7.7
573-98-8548,C,Hyderabad,Member,Female,Fashion accessories,31.9,1.0,1.595,33.495,43586,12:40:00,Cash,31.9,4.761904762,1.595,9.1
875-84-3664,C,Mumbai,Member,Male,Food and beverages,31.9,1.0,1.595,33.495,43586,12:40:00,Cash,31.9,4.761904762,1.595,9.1
242-55-6721,A,Mumbai,Normal,Male,Home and lifestyle,16.16,2.0,1.616,33.936,43649,11:49:00,Ewallet,32.32,4.761904762,1.616,6.5
479-26-8945,A,Mumbai,Member,Male,Sports and travel,16.49,2.0,1.649,34.629,43587,11:32:00,Ewallet,32.98,4.761904762,1.649,4.6
649-29-6775,B,Mumbai,Normal,Male,Fashion accessories,33.52,1.0,1.676,35.196,43679,15:31:00,Cash,33.52,4.761904762,1.676,6.7
123-39-3349,B,Hyderabad,Normal,Male,Fashion accessories,33.52,1.0,1.676,35.196,43679,15:31:00,Cash,33.52,4.761904762,1.676,
574-31-8277,C,Mumbai,Member,Male,Fashion accessories,33.63,1.0,1.6815,35.3115,3/20/2019,19:55:00,Cash,33.63,4.761904762,1.6815,5.6
674-65-2938,B,Mumbai,Member,Male,Fashion accessories,33.63,1.0,1.6815,35.3115,3/20/2019,19:55:00,Cash,33.63,4.761904762,1.6815,5.6
489-43-2972,B,Mumbai,Member,Male,Fashion accessories,33.63,1.0,1.6815,35.3115,3/20/2019,19:55:00,Cash,33.63,4.761904762,1.6815,
320-85-2052,C,Mumbai,Normal,Female,Sports and travel,34.81,1.0,1.7405,36.5505,1/14/2019,10:11:00,Cash,34.81,4.761904762,1.7405,7.0
463-98-2251,B,Mumbai,Normal,Male,Sports and travel,34.81,1.0,1.7405,36.5505,1/14/2019,10:11:00,Credit card,34.81,4.761904762,1.7405,7.0
511-69-3141,C,Mumbai,Normal,Female,Sports and travel,34.81,1.0,1.7405,36.5505,1/14/2019,10:11:00,Cash,34.81,4.761904762,1.7405,7.0
351-97-9024,A,Delhi,Member,Male,Electronic accessories,11.94,3.0,1.791,37.611,1/19/2019,12:47:00,Cash,35.82,4.761904762,1.791,8.1
482-17-1179,C,Delhi,Member,Male,Electronic accessories,11.94,3.0,1.791,37.611,1/19/2019,12:47:00,Credit card,35.82,4.761904762,1.791,8.1
630-90-1914,A,Delhi,Member,Male,Food and beverages,11.94,3.0,1.791,37.611,1/19/2019,12:47:00,Cash,35.82,4.761904762,1.791,8.1
729-46-7422,C,Hyderabad,Normal,Male,Food and beverages,35.89,1.0,1.7945,37.6845,2/23/2019,16:52:00,Credit card,35.89,4.761904762,1.7945,7.9
967-54-6262,C,Mumbai,Normal,Male,Food and beverages,35.89,1.0,1.7945,37.6845,2/23/2019,16:52:00,Credit card,35.89,4.761904762,1.7945,7.9
523-38-0215,C,Mumbai,Normal,Male,Home and lifestyle,37.0,1.0,1.85,38.85,43619,13:29:00,Credit card,37.0,4.761904762,1.85,7.9
390-17-5806,C,Mumbai,Member,Female,Food and beverages,38.42,1.0,1.921,40.341,43498,16:33:00,Cash,38.42,4.761904762,1.921,8.6
650-86-3572,C,Hyderabad,Member,Male,Food and beverages,38.42,1.0,1.921,40.341,43498,16:33:00,Cash,38.42,4.761904762,1.921,8.6
568-25-3046,C,Mumbai,Member,Male,Food and beverages,38.42,1.0,1.921,40.341,43498,16:33:00,Cash,38.42,4.761904762,1.921,8.6
423-80-4207,C,Hyderabad,Member,Male,Food and beverages,38.42,1.0,1.921,40.341,43498,16:33:00,Cash,38.42,4.761904762,1.921,
575-67-1508,A,Delhi,Normal,Male,Electronic accessories,38.6,1.0,1.93,40.53,1/29/2019,11:26:00,Ewallet,38.6,4.761904762,1.93,6.7
584-43-6478,A,Delhi,Normal,Male,Electronic accessories,38.6,1.0,1.93,40.53,1/29/2019,11:26:00,Ewallet,38.6,4.761904762,1.93,6.7
573-10-3877,B,Mumbai,Normal,Male,Health and beauty,39.01,1.0,1.9505,40.9605,43802,16:46:00,Credit card,39.01,4.761904762,1.9505,4.7
449-27-2918,C,Mumbai,Member,Female,Sports and travel,39.12,1.0,1.956,41.076,3/26/2019,11:02:00,Cash,39.12,4.761904762,1.956,9.6
822-65-9066,B,Mumbai,Member,Male,Sports and travel,39.12,1.0,1.956,41.076,3/26/2019,11:02:00,Credit card,39.12,4.761904762,1.956,9.6
619-24-6828,C,Mumbai,Normal,Female,Sports and travel,39.12,1.0,1.956,41.076,3/26/2019,11:02:00,Cash,39.12,4.761904762,1.956,9.6
468-67-9947,C,Mumbai,Normal,Male,Food and beverages,39.12,1.0,1.956,41.076,3/26/2019,11:02:00,Cash,39.12,4.761904762,1.956,9.6
622-20-1945,C,Mumbai,Normal,Female,Health and beauty,39.42,1.0,1.971,41.391,1/18/2019,15:08:00,Cash,39.42,4.761904762,1.971,8.4
522-36-8341,C,Hyderabad,Normal,Female,Health and beauty,39.42,1.0,1.971,41.391,1/18/2019,15:08:00,Cash,39.42,4.761904762,1.971,
239-29-7519,B,Mumbai,Member,Male,Electronic accessories,39.48,1.0,1.974,41.454,43801,19:43:00,Cash,39.48,4.761904762,1.974,6.5
528-87-5606,C,Mumbai,Member,Female,Electronic accessories,39.48,1.0,1.974,41.454,43801,19:43:00,Cash,39.48,4.761904762,1.974,6.5
608-05-3804,B,Mumbai,Member,Male,Electronic accessories,39.75,1.0,1.9875,41.7375,2/25/2019,20:19:00,Cash,39.75,4.761904762,1.9875,6.1
819-57-7615,B,Mumbai,Member,Male,Electronic accessories,39.75,1.0,1.9875,41.7375,2/25/2019,20:19:00,Cash,39.75,4.761904762,1.9875,6.1
893-26-2443,B,Mumbai,Member,Male,Electronic accessories,39.75,1.0,1.9875,41.7375,2/25/2019,20:19:00,Cash,39.75,4.761904762,1.9875,
233-67-5758,C,Mumbai,Normal,Male,Health and beauty,40.35,1.0,2.0175,42.3675,1/29/2019,13:46:00,Ewallet,40.35,4.761904762,2.0175,6.2
324-92-3863,A,Delhi,Member,Male,Electronic accessories,20.89,2.0,2.089,43.869,43587,18:45:00,Cash,41.78,4.761904762,2.089,9.8
729-76-9586,A,Delhi,Member,Male,Electronic accessories,20.89,2.0,2.089,43.869,43587,18:45:00,Cash,41.78,4.761904762,2.089,9.8
348-87-1347,A,Delhi,Member,Male,Electronic accessories,20.89,2.0,2.089,43.869,43587,18:45:00,Cash,41.78,4.761904762,2.089,9.8
687-15-1097,C,Mumbai,Member,Male,Health and beauty,21.12,2.0,2.112,44.352,43525,19:17:00,Cash,42.24,4.761904762,2.112,9.7
426-60-8898,C,Mumbai,Member,Male,Health and beauty,21.12,2.0,2.112,44.352,43525,19:17:00,Cash,42.24,4.761904762,2.112,
504-35-8843,A,Delhi,Normal,Male,Sports and travel,42.47,1.0,2.1235,44.5935,43497,16:57:00,Cash,42.47,4.761904762,2.1235,5.7
193-39-0685,C,Hyderabad,Member,Male,Sports and travel,42.85,1.0,2.1425,44.9925,3/14/2019,15:36:00,Credit card,42.85,4.761904762,2.1425,9.3
722-13-2115,C,Mumbai,Member,Male,Sports and travel,42.85,1.0,2.1425,44.9925,3/14/2019,15:36:00,Cash,42.85,4.761904762,2.1425,9.3
105-10-6182,A,Delhi,Member,Male,Fashion accessories,21.48,2.0,2.148,45.108,2/27/2019,12:22:00,Ewallet,42.96,4.761904762,2.148,6.6
530-75-7833,A,Delhi,Member,Male,Fashion accessories,21.48,2.0,2.148,45.108,2/27/2019,12:22:00,Ewallet,42.96,4.761904762,2.148,6.6
569-71-4390,A,Mumbai,Normal,Male,Sports and travel,21.87,2.0,2.187,45.927,1/25/2019,14:29:00,Ewallet,43.74,4.761904762,2.187,6.9
983-11-6481,A,Mumbai,Normal,Male,Food and beverages,21.87,2.0,2.187,45.927,1/25/2019,14:29:00,Ewallet,43.74,4.761904762,2.187,6.9
470-31-3286,C,Mumbai,Normal,Male,Health and beauty,14.82,3.0,2.223,46.683,43468,11:30:00,Cash,44.46,4.761904762,2.223,8.7
560-49-6611,C,Delhi,Member,Female,Sports and travel,45.58,1.0,2.279,47.859,43648,14:13:00,Cash,45.58,4.761904762,2.279,9.8
816-73-3368,A,Delhi,Member,Male,Sports and travel,45.58,1.0,2.279,47.859,43648,14:13:00,Cash,45.58,4.761904762,2.279,9.8
318-81-2368,C,Hyderabad,Normal,Female,Electronic accessories,46.2,1.0,2.31,48.51,3/19/2019,12:16:00,Cash,46.2,4.761904762,2.31,6.3
935-61-7647,C,Mumbai,Normal,Male,Food and beverages,46.2,1.0,2.31,48.51,3/19/2019,12:16:00,Cash,46.2,4.761904762,2.31,6.3
278-52-8382,C,Hyderabad,Normal,Female,Electronic accessories,46.2,1.0,2.31,48.51,3/19/2019,12:16:00,Cash,46.2,4.761904762,2.31,6.3
651-96-5970,A,Mumbai,Normal,Male,Fashion accessories,46.41,1.0,2.3205,48.7305,43527,20:06:00,Credit card,46.41,4.761904762,2.3205,4.0
873-53-3465,A,Hyderabad,Normal,Male,Fashion accessories,46.41,1.0,2.3205,48.7305,43527,20:06:00,Credit card,46.41,4.761904762,2.3205,
324-47-7431,A,Delhi,Member,Male,Food and beverages,23.48,2.0,2.348,49.308,3/14/2019,11:21:00,Cash,46.96,4.761904762,2.348,7.9
442-48-3607,A,Mumbai,Normal,Male,Food and beverages,23.48,2.0,2.348,49.308,3/14/2019,11:21:00,Cash,46.96,4.761904762,2.348,7.9
911-71-2047,A,Delhi,Member,Male,Food and beverages,23.48,2.0,2.348,49.308,3/14/2019,11:21:00,Cash,46.96,4.761904762,2.348,7.9
614-72-3554,C,Mumbai,Normal,Male,Food and beverages,23.48,2.0,2.348,49.308,3/14/2019,11:21:00,Cash,46.96,4.761904762,2.348,7.9
169-52-4504,C,Delhi,Normal,Female,Electronic accessories,15.69,3.0,2.3535,49.4235,3/14/2019,14:13:00,Credit card,47.07,4.761904762,2.3535,5.8
827-97-3769,A,Delhi,Normal,Male,Electronic accessories,15.69,3.0,2.3535,49.4235,3/14/2019,14:13:00,Credit card,47.07,4.761904762,2.3535,5.8
605-03-2706,A,Delhi,Normal,Female,Health and beauty,15.8,3.0,2.37,49.77,3/25/2019,18:02:00,Cash,47.4,4.761904762,2.37,9.5
113-77-2365,A,Delhi,Normal,Female,Health and beauty,15.8,3.0,2.37,49.77,3/25/2019,18:02:00,Cash,47.4,4.761904762,2.37,
395-55-1933,B,Mumbai,Normal,Male,Fashion accessories,47.44,1.0,2.372,49.812,2/22/2019,18:19:00,Cash,47.44,4.761904762,2.372,6.8
837-55-7229,C,Mumbai,Normal,Female,Fashion accessories,47.44,1.0,2.372,49.812,2/22/2019,18:19:00,Credit card,47.44,4.761904762,2.372,6.8
565-88-2449,C,Mumbai,Normal,Male,Fashion accessories,47.44,1.0,2.372,49.812,2/22/2019,18:19:00,Cash,47.44,4.761904762,2.372,6.8
522-33-9366,C,Hyderabad,Normal,Male,Food and beverages,48.61,1.0,2.4305,51.0405,2/25/2019,15:31:00,Cash,48.61,4.761904762,2.4305,4.4
735-06-4124,C,Mumbai,Normal,Male,Food and beverages,48.61,1.0,2.4305,51.0405,2/25/2019,15:31:00,Cash,48.61,4.761904762,2.4305,4.4
163-56-7055,C,Hyderabad,Member,Male,Fashion accessories,48.71,1.0,2.4355,51.1455,3/26/2019,19:20:00,Cash,48.71,4.761904762,2.4355,4.1
388-44-1683,B,Mumbai,Normal,Male,Sports and travel,25.31,2.0,2.531,53.151,43499,19:26:00,Cash,50.62,4.761904762,2.531,7.2
825-94-5922,B,Mumbai,Normal,Male,Sports and travel,25.31,2.0,2.531,53.151,43499,19:26:00,Cash,50.62,4.761904762,2.531,7.2
404-16-4747,C,Mumbai,Normal,Male,Sports and travel,25.31,2.0,2.531,53.151,43499,19:26:00,Cash,50.62,4.761904762,2.531,7.2
516-77-6464,A,Mumbai,Member,Female,Food and beverages,10.16,5.0,2.54,53.34,2/24/2019,13:08:00,Ewallet,50.8,4.761904762,2.54,4.1
659-65-8956,A,Mumbai,Member,Male,Fashion accessories,51.36,1.0,2.568,53.928,1/16/2019,15:26:00,Ewallet,51.36,4.761904762,2.568,5.2
615-59-5717,A,Hyderabad,Member,Male,Fashion accessories,51.36,1.0,2.568,53.928,1/16/2019,15:26:00,Ewallet,51.36,4.761904762,2.568,
277-38-2859,C,Hyderabad,Member,Male,Fashion accessories,51.47,1.0,2.5735,54.0435,3/18/2019,15:52:00,Cash,51.47,4.761904762,2.5735,8.5
413-20-6708,C,Hyderabad,Member,Female,Fashion accessories,51.47,1.0,2.5735,54.0435,3/18/2019,15:52:00,Cash,51.47,4.761904762,2.5735,8.5
145-38-7581,A,Hyderabad,Member,Male,Food and beverages,51.47,1.0,2.5735,54.0435,3/18/2019,15:52:00,Ewallet,51.47,4.761904762,2.5735,8.5
382-41-1449,C,Hyderabad,Member,Male,Fashion accessories,51.47,1.0,2.5735,54.0435,3/18/2019,15:52:00,Cash,51.47,4.761904762,2.5735,8.5
885-56-0389,C,Mumbai,Member,Male,Food and beverages,52.35,1.0,2.6175,54.9675,43801,17:49:00,Cash,52.35,4.761904762,2.6175,4.0
807-34-3742,A,Mumbai,Normal,Male,Fashion accessories,52.38,1.0,2.619,54.999,3/26/2019,19:44:00,Cash,52.38,4.761904762,2.619,5.8
325-76-4241,C,Hyderabad,Normal,Male,Food and beverages,52.42,1.0,2.621,55.041,43618,10:22:00,Cash,52.42,4.761904762,2.621,6.3
471-06-8611,C,Mumbai,Normal,Female,Food and beverages,52.42,1.0,2.621,55.041,43618,10:22:00,Credit card,52.42,4.761904762,2.621,6.3
111-35-9369,C,Hyderabad,Normal,Male,Food and beverages,52.42,1.0,2.621,55.041,43618,10:22:00,Cash,52.42,4.761904762,2.621,6.3
664-14-2882,C,Mumbai,Member,Female,Home and lifestyle,10.53,5.0,2.6325,55.2825,1/30/2019,14:43:00,Credit card,52.65,4.761904762,2.6325,5.8
570-29-4385,C,Hyderabad,Member,Female,Home and lifestyle,10.53,5.0,2.6325,55.2825,1/30/2019,14:43:00,Credit card,52.65,4.761904762,2.6325,
462-78-5240,C,Mumbai,Normal,Female,Electronic accessories,26.61,2.0,2.661,55.881,3/19/2019,14:35:00,Cash,53.22,4.761904762,2.661,4.2
559-77-8766,C,Hyderabad,Normal,Male,Electronic accessories,26.61,2.0,2.661,55.881,3/19/2019,14:35:00,Cash,53.22,4.761904762,2.661,4.2
587-73-4862,A,Mumbai,Member,Female,Food and beverages,10.69,5.0,2.6725,56.1225,3/26/2019,11:07:00,Ewallet,53.45,4.761904762,2.6725,7.6
238-45-6950,B,Mumbai,Member,Male,Food and beverages,53.72,1.0,2.686,56.406,43468,20:03:00,Ewallet,53.72,4.761904762,2.686,6.4
791-26-4618,B,Mumbai,Member,Male,Food and beverages,53.72,1.0,2.686,56.406,43468,20:03:00,Ewallet,53.72,4.761904762,2.686,6.4
676-10-2200,B,Mumbai,Member,Male,Fashion accessories,53.78,1.0,2.689,56.469,43526,20:13:00,Cash,53.78,4.761904762,2.689,4.7
772-44-6541,B,Mumbai,Member,Male,Fashion accessories,53.78,1.0,2.689,56.469,43526,20:13:00,Cash,53.78,4.761904762,2.689,
715-84-9775,A,Mumbai,Member,Male,Food and beverages,18.08,3.0,2.712,56.952,43588,19:46:00,Ewallet,54.24,4.761904762,2.712,8.0
895-66-0685,A,Mumbai,Member,Male,Food and beverages,18.08,3.0,2.712,56.952,43588,19:46:00,Ewallet,54.24,4.761904762,2.712,8.0
605-83-1050,A,Mumbai,Normal,Male,Fashion accessories,27.18,2.0,2.718,57.078,3/15/2019,16:26:00,Ewallet,54.36,4.761904762,2.718,4.3
519-71-8392,A,Mumbai,Normal,Male,Fashion accessories,27.18,2.0,2.718,57.078,3/15/2019,16:26:00,Ewallet,54.36,4.761904762,2.718,
154-74-7179,A,Mumbai,Normal,Male,Sports and travel,54.45,1.0,2.7225,57.1725,2/26/2019,19:24:00,Ewallet,54.45,4.761904762,2.7225,7.9
790-38-4466,A,Mumbai,Normal,Female,Food and beverages,10.99,5.0,2.7475,57.6975,1/23/2019,10:18:00,Credit card,54.95,4.761904762,2.7475,9.3
120-61-9879,A,Mumbai,Normal,Male,Electronic accessories,13.78,4.0,2.756,57.876,43739,11:10:00,Ewallet,55.12,4.761904762,2.756,9.0
226-34-0034,A,Mumbai,Normal,Female,Electronic accessories,13.78,4.0,2.756,57.876,43739,11:10:00,Cash,55.12,4.761904762,2.756,9.0
491-38-3499,C,Delhi,Member,Male,Fashion accessories,55.45,1.0,2.7725,58.2225,2/26/2019,17:46:00,Credit card,55.45,4.761904762,2.7725,4.9
816-49-1198,A,Delhi,Member,Male,Fashion accessories,55.45,1.0,2.7725,58.2225,2/26/2019,17:46:00,Credit card,55.45,4.761904762,2.7725,4.9
584-66-4073,C,Mumbai,Normal,Male,Fashion accessories,56.5,1.0,2.825,59.325,3/13/2019,15:45:00,Cash,56.5,4.761904762,2.825,9.6
351-62-0822,B,Mumbai,Normal,Female,Fashion accessories,14.48,4.0,2.896,60.816,43618,18:07:00,Cash,57.92,4.761904762,2.896,4.5
267-73-4706,B,Mumbai,Normal,Female,Food and beverages,14.48,4.0,2.896,60.816,43618,18:07:00,Cash,57.92,4.761904762,2.896,4.5
389-25-3394,C,Hyderabad,Normal,Male,Electronic accessories,11.81,5.0,2.9525,62.0025,2/17/2019,18:06:00,Cash,59.05,4.761904762,2.9525,9.4
759-63-8049,C,Hyderabad,Normal,Male,Electronic accessories,11.81,5.0,2.9525,62.0025,2/17/2019,18:06:00,Cash,59.05,4.761904762,2.9525,9.4
930-26-2192,C,Hyderabad,Normal,Male,Electronic accessories,11.81,5.0,2.9525,62.0025,2/17/2019,18:06:00,Cash,59.05,4.761904762,2.9525,9.4
273-84-2164,C,Hyderabad,Member,Male,Electronic accessories,12.05,5.0,3.0125,63.2625,2/16/2019,15:53:00,Cash,60.25,4.761904762,3.0125,5.5
744-60-2668,C,Hyderabad,Member,Male,Electronic accessories,12.05,5.0,3.0125,63.2625,2/16/2019,15:53:00,Ewallet,60.25,4.761904762,3.0125,5.5
746-45-9162,A,Mumbai,Member,Male,Food and beverages,12.05,5.0,3.0125,63.2625,2/16/2019,15:53:00,Ewallet,60.25,4.761904762,3.0125,5.5
291-59-1384,B,Mumbai,Normal,Male,Electronic accessories,60.3,1.0,3.015,63.315,2/28/2019,17:38:00,Cash,60.3,4.761904762,3.015,6.0
721-54-9127,B,Mumbai,Normal,Male,Electronic accessories,60.3,1.0,3.015,63.315,2/28/2019,17:38:00,Cash,60.3,4.761904762,3.015,6.0
775-70-1347,A,Mumbai,Normal,Male,Electronic accessories,60.3,1.0,3.015,63.315,2/28/2019,17:38:00,Cash,60.3,4.761904762,3.015,6.0
443-60-9639,C,Mumbai,Member,Female,Home and lifestyle,60.87,1.0,3.0435,63.9135,1/24/2019,13:24:00,Cash,60.87,4.761904762,3.0435,5.5
895-77-9289,C,Mumbai,Normal,Female,Home and lifestyle,60.87,1.0,3.0435,63.9135,1/24/2019,13:24:00,Cash,60.87,4.761904762,3.0435,5.5
652-49-6720,C,Mumbai,Member,Female,Electronic accessories,60.95,1.0,3.0475,63.9975,2/18/2019,11:40:00,Ewallet,60.95,4.761904762,3.0475,5.9
952-15-3856,C,Mumbai,Member,Male,Food and beverages,60.95,1.0,3.0475,63.9975,2/18/2019,11:40:00,Ewallet,60.95,4.761904762,3.0475,5.9
720-26-8785,C,Hyderabad,Member,Female,Electronic accessories,60.95,1.0,3.0475,63.9975,2/18/2019,11:40:00,Ewallet,60.95,4.761904762,3.0475,
278-97-7759,A,Mumbai,Normal,Female,Electronic accessories,62.48,1.0,3.124,65.604,2/18/2019,20:29:00,Cash,62.48,4.761904762,3.124,4.7
298-62-3199,A,Delhi,Member,Male,Electronic accessories,62.48,1.0,3.124,65.604,2/18/2019,20:29:00,Cash,62.48,4.761904762,3.124,4.7
145-52-7028,A,Mumbai,Normal,Female,Food and beverages,62.48,1.0,3.124,65.604,2/18/2019,20:29:00,Ewallet,62.48,4.761904762,3.124,4.7
525-22-7564,A,Delhi,Member,Male,Electronic accessories,62.48,1.0,3.124,65.604,2/18/2019,20:29:00,Cash,62.48,4.761904762,3.124,4.7
357-40-5249,B,Mumbai,Member,Female,Food and beverages,20.87,3.0,3.1305,65.7405,3/20/2019,13:53:00,Cash,62.61,4.761904762,3.1305,8.0
650-98-6268,C,Mumbai,Member,Female,Food and beverages,20.87,3.0,3.1305,65.7405,3/20/2019,13:53:00,Credit card,62.61,4.761904762,3.1305,8.0
821-17-6754,C,Mumbai,Member,Female,Food and beverages,20.87,3.0,3.1305,65.7405,3/20/2019,13:53:00,Cash,62.61,4.761904762,3.1305,8.0
642-96-2875,C,Hyderabad,Member,Female,Food and beverages,20.87,3.0,3.1305,65.7405,3/20/2019,13:53:00,Credit card,62.61,4.761904762,3.1305,
428-83-5800,C,Mumbai,Normal,Female,Food and beverages,21.08,3.0,3.162,66.402,43710,10:25:00,Cash,63.24,4.761904762,3.162,7.3
987-69-2007,A,Mumbai,Member,Female,Food and beverages,21.08,3.0,3.162,66.402,43710,10:25:00,Cash,63.24,4.761904762,3.162,7.3
637-70-2392,C,Mumbai,Normal,Male,Food and beverages,21.08,3.0,3.162,66.402,43710,10:25:00,Cash,63.24,4.761904762,3.162,7.3
275-28-0149,A,Delhi,Normal,Male,Sports and travel,63.69,1.0,3.1845,66.8745,2/25/2019,16:21:00,Cash,63.69,4.761904762,3.1845,6.0
662-88-1371,A,Delhi,Normal,Male,Food and beverages,63.69,1.0,3.1845,66.8745,2/25/2019,16:21:00,Ewallet,63.69,4.761904762,3.1845,6.0
338-76-5290,C,Hyderabad,Normal,Male,Fashion accessories,64.99,1.0,3.2495,68.2395,1/26/2019,10:06:00,Cash,64.99,4.761904762,3.2495,4.5
881-41-7302,C,Mumbai,Normal,Female,Food and beverages,64.99,1.0,3.2495,68.2395,1/26/2019,10:06:00,Cash,64.99,4.761904762,3.2495,4.5
811-68-7149,C,Hyderabad,Normal,Male,Food and beverages,64.99,1.0,3.2495,68.2395,1/26/2019,10:06:00,Cash,64.99,4.761904762,3.2495,4.5
305-89-2768,B,Mumbai,Member,Female,Home and lifestyle,21.9,3.0,3.285,68.985,43709,18:43:00,Cash,65.7,4.761904762,3.285,4.7
530-80-4891,A,Mumbai,Member,Female,Home and lifestyle,21.9,3.0,3.285,68.985,43709,18:43:00,Cash,65.7,4.761904762,3.285,4.7
821-07-3596,C,Mumbai,Normal,Male,Fashion accessories,16.45,4.0,3.29,69.09,43649,14:53:00,Ewallet,65.8,4.761904762,3.29,5.6
347-56-2442,A,Mumbai,Normal,Male,Home and lifestyle,65.82,1.0,3.291,69.111,2/22/2019,15:33:00,Cash,65.82,4.761904762,3.291,4.1
101-70-8996,A,Mumbai,Normal,Male,Food and beverages,65.82,1.0,3.291,69.111,2/22/2019,15:33:00,Cash,65.82,4.761904762,3.291,4.1
211-18-3665,B,Mumbai,Member,Male,Electronic accessories,13.22,5.0,3.305,69.405,43499,19:26:00,Cash,66.1,4.761904762,3.305,4.3
346-84-3103,B,Mumbai,Member,Male,Electronic accessories,13.22,5.0,3.305,69.405,43499,19:26:00,Cash,66.1,4.761904762,3.305,4.3
899-38-9656,B,Mumbai,Member,Male,Food and beverages,13.22,5.0,3.305,69.405,43499,19:26:00,Cash,66.1,4.761904762,3.305,4.3
366-93-0948,A,Mumbai,Member,Male,Electronic accessories,66.35,1.0,3.3175,69.6675,1/31/2019,10:46:00,Cash,66.35,4.761904762,3.3175,9.7
485-77-1107,A,Delhi,Member,Male,Electronic accessories,66.35,1.0,3.3175,69.6675,1/31/2019,10:46:00,Credit card,66.35,4.761904762,3.3175,9.7
143-40-9079,C,Mumbai,Member,Male,Food and beverages,66.35,1.0,3.3175,69.6675,1/31/2019,10:46:00,Cash,66.35,4.761904762,3.3175,9.7
273-16-6619,B,Mumbai,Normal,Male,Home and lifestyle,33.2,2.0,3.32,69.72,3/15/2019,12:20:00,Credit card,66.4,4.761904762,3.32,4.4
541-98-7184,A,Mumbai,Normal,Male,Food and beverages,33.2,2.0,3.32,69.72,3/15/2019,12:20:00,Ewallet,66.4,4.761904762,3.32,4.4
347-96-2014,B,Mumbai,Normal,Male,Food and beverages,33.33,2.0,3.333,69.993,1/26/2019,14:41:00,Cash,66.66,4.761904762,3.333,6.4
794-42-3736,B,Mumbai,Normal,Male,Food and beverages,33.33,2.0,3.333,69.993,1/26/2019,14:41:00,Cash,66.66,4.761904762,3.333,6.4
806-64-9936,B,Mumbai,Normal,Male,Food and beverages,33.33,2.0,3.333,69.993,1/26/2019,14:41:00,Cash,66.66,4.761904762,3.333,6.4
838-78-4295,C,Hyderabad,Normal,Male,Health and beauty,33.47,2.0,3.347,70.287,43740,15:43:00,Ewallet,66.94,4.761904762,3.347,6.7
149-73-5830,B,Mumbai,Normal,Male,Food and beverages,67.77,1.0,3.3885,71.1585,43557,20:43:00,Credit card,67.77,4.761904762,3.3885,6.5
151-33-7434,B,Mumbai,Normal,Female,Food and beverages,67.77,1.0,3.3885,71.1585,43557,20:43:00,Cash,67.77,4.761904762,3.3885,6.5
232-16-2483,C,Hyderabad,Member,Male,Sports and travel,68.12,1.0,3.406,71.526,43647,12:28:00,Ewallet,68.12,4.761904762,3.406,6.8
109-25-9004,C,Hyderabad,Member,Male,Food and beverages,17.04,4.0,3.408,71.568,43680,20:15:00,Ewallet,68.16,4.761904762,3.408,7.0
549-96-4200,C,Hyderabad,Member,Male,Food and beverages,17.04,4.0,3.408,71.568,43680,20:15:00,Ewallet,68.16,4.761904762,3.408,7.0
886-54-6089,A,Mumbai,Normal,Female,Food and beverages,11.43,6.0,3.429,72.009,1/15/2019,17:24:00,Cash,68.58,4.761904762,3.429,7.7
365-29-3863,A,Delhi,Normal,Male,Food and beverages,13.79,5.0,3.4475,72.3975,43770,19:07:00,Cash,68.95,4.761904762,3.4475,7.8
732-67-5346,C,Delhi,Normal,Male,Food and beverages,13.79,5.0,3.4475,72.3975,43770,19:07:00,Credit card,68.95,4.761904762,3.4475,7.8
119-89-9124,C,Delhi,Normal,Male,Food and beverages,13.79,5.0,3.4475,72.3975,43770,19:07:00,Cash,68.95,4.761904762,3.4475,7.8
162-65-8559,C,Hyderabad,Member,Male,Food and beverages,68.98,1.0,3.449,72.429,1/21/2019,20:13:00,Cash,68.98,4.761904762,3.449,4.8
739-71-2063,C,Hyderabad,Member,Male,Food and beverages,68.98,1.0,3.449,72.429,1/21/2019,20:13:00,Cash,68.98,4.761904762,3.449,4.8
221-71-8783,B,Mumbai,Normal,Male,Fashion accessories,34.7,2.0,3.47,72.87,3/13/2019,19:48:00,Cash,69.4,4.761904762,3.47,8.2
686-41-0932,C,Mumbai,Normal,Female,Fashion accessories,34.7,2.0,3.47,72.87,3/13/2019,19:48:00,Cash,69.4,4.761904762,3.47,8.2
973-20-6325,C,Mumbai,Normal,Female,Fashion accessories,34.7,2.0,3.47,72.87,3/13/2019,19:48:00,Cash,69.4,4.761904762,3.47,
220-28-1851,C,Delhi,Normal,Male,Home and lifestyle,34.73,2.0,3.473,72.933,43468,18:14:00,Cash,69.46,4.761904762,3.473,9.7
333-23-2632,A,Delhi,Member,Male,Health and beauty,10.08,7.0,3.528,74.088,3/28/2019,20:14:00,Cash,70.56,4.761904762,3.528,4.2
579-44-0904,A,Delhi,Member,Male,Health and beauty,10.08,7.0,3.528,74.088,3/28/2019,20:14:00,Cash,70.56,4.761904762,3.528,4.2
239-48-4278,C,Delhi,Member,Male,Food and beverages,10.13,7.0,3.5455,74.4555,43741,19:35:00,Ewallet,70.91,4.761904762,3.5455,8.3
452-56-7345,A,Delhi,Member,Male,Food and beverages,10.13,7.0,3.5455,74.4555,43741,19:35:00,Ewallet,70.91,4.761904762,3.5455,8.3
647-49-2733,A,Delhi,Member,Female,Food and beverages,14.23,5.0,3.5575,74.7075,43467,10:08:00,Credit card,71.15,4.761904762,3.5575,4.4
870-76-1733,A,Mumbai,Normal,Female,Food and beverages,14.23,5.0,3.5575,74.7075,43467,10:08:00,Credit card,71.15,4.761904762,3.5575,4.4
784-49-8653,A,Hyderabad,Member,Female,Food and beverages,14.23,5.0,3.5575,74.7075,43467,10:08:00,Credit card,71.15,4.761904762,3.5575,
282-32-7199,B,Mumbai,Normal,Female,Food and beverages,71.2,1.0,3.56,74.76,43586,20:40:00,Cash,71.2,4.761904762,3.56,9.2
841-18-8232,C,Mumbai,Normal,Female,Food and beverages,71.2,1.0,3.56,74.76,43586,20:40:00,Credit card,71.2,4.761904762,3.56,9.2
492-66-7569,A,Mumbai,Normal,Female,Food and beverages,71.2,1.0,3.56,74.76,43586,20:40:00,Ewallet,71.2,4.761904762,3.56,9.2
616-24-2851,B,Mumbai,Member,Male,Fashion accessories,17.87,4.0,3.574,75.054,3/22/2019,14:42:00,Ewallet,71.48,4.761904762,3.574,6.5
577-51-7973,B,Mumbai,Member,Male,Fashion accessories,17.87,4.0,3.574,75.054,3/22/2019,14:42:00,Ewallet,71.48,4.761904762,3.574,
190-14-3147,B,Mumbai,Normal,Female,Food and beverages,17.97,4.0,3.594,75.474,2/23/2019,20:43:00,Ewallet,71.88,4.761904762,3.594,6.4
118-23-2329,A,Delhi,Member,Male,Electronic accessories,71.95,1.0,3.5975,75.5475,43557,12:14:00,Cash,71.95,4.761904762,3.5975,7.3
441-94-7118,A,Mumbai,Normal,Male,Electronic accessories,71.95,1.0,3.5975,75.5475,43557,12:14:00,Cash,71.95,4.761904762,3.5975,7.3
867-16-2676,C,Mumbai,Normal,Male,Electronic accessories,71.95,1.0,3.5975,75.5475,43557,12:14:00,Cash,71.95,4.761904762,3.5975,7.3
279-74-2924,B,Mumbai,Member,Male,Electronic accessories,72.17,1.0,3.6085,75.7785,43556,19:40:00,Cash,72.17,4.761904762,3.6085,6.1
344-99-5661,B,Mumbai,Member,Male,Electronic accessories,72.17,1.0,3.6085,75.7785,43556,19:40:00,Cash,72.17,4.761904762,3.6085,6.1
738-28-5071,A,Mumbai,Member,Male,Food and beverages,72.17,1.0,3.6085,75.7785,43556,19:40:00,Ewallet,72.17,4.761904762,3.6085,6.1
776-26-1365,B,Mumbai,Member,Male,Food and beverages,72.17,1.0,3.6085,75.7785,43556,19:40:00,Cash,72.17,4.761904762,3.6085,6.1
359-90-3665,C,Mumbai,Member,Female,Fashion accessories,18.08,4.0,3.616,75.936,1/14/2019,18:03:00,Cash,72.32,4.761904762,3.616,9.5
722-64-9794,B,Mumbai,Member,Male,Fashion accessories,18.08,4.0,3.616,75.936,1/14/2019,18:03:00,Cash,72.32,4.761904762,3.616,9.5
709-99-8098,C,Mumbai,Member,Female,Food and beverages,18.08,4.0,3.616,75.936,1/14/2019,18:03:00,Cash,72.32,4.761904762,3.616,9.5
665-32-9167,A,Delhi,Normal,Male,Food and beverages,36.26,2.0,3.626,76.146,43739,17:15:00,Credit card,72.52,4.761904762,3.626,7.2
586-32-8685,A,Hyderabad,Normal,Male,Food and beverages,36.26,2.0,3.626,76.146,43739,17:15:00,Credit card,72.52,4.761904762,3.626,
106-74-6224,A,Delhi,Member,Female,Food and beverages,36.36,2.0,3.636,76.356,1/21/2019,10:00:00,Cash,72.72,4.761904762,3.636,7.1
316-68-6352,A,Mumbai,Normal,Female,Food and beverages,36.36,2.0,3.636,76.356,1/21/2019,10:00:00,Cash,72.72,4.761904762,3.636,7.1
492-75-9428,A,Mumbai,Normal,Female,Food and beverages,36.36,2.0,3.636,76.356,1/21/2019,10:00:00,Cash,72.72,4.761904762,3.636,7.1
327-72-9791,C,Hyderabad,Member,Male,Food and beverages,24.31,3.0,3.6465,76.5765,43678,19:09:00,Cash,72.93,4.761904762,3.6465,4.3
631-34-1880,C,Mumbai,Member,Male,Food and beverages,24.31,3.0,3.6465,76.5765,43678,19:09:00,Cash,72.93,4.761904762,3.6465,4.3
238-97-2581,C,Hyderabad,Member,Male,Food and beverages,24.31,3.0,3.6465,76.5765,43678,19:09:00,Cash,72.93,4.761904762,3.6465,4.3
446-29-1237,C,Hyderabad,Member,Male,Food and beverages,24.31,3.0,3.6465,76.5765,43678,19:09:00,Cash,72.93,4.761904762,3.6465,
227-50-3718,C,Delhi,Normal,Male,Health and beauty,14.62,5.0,3.655,76.755,43558,12:23:00,Cash,73.1,4.761904762,3.655,4.4
585-90-0249,A,Mumbai,Member,Male,Electronic accessories,73.26,1.0,3.663,76.923,1/27/2019,18:08:00,Cash,73.26,4.761904762,3.663,9.7
669-11-7675,A,Delhi,Member,Male,Electronic accessories,73.26,1.0,3.663,76.923,1/27/2019,18:08:00,Ewallet,73.26,4.761904762,3.663,9.7
908-29-2041,A,Hyderabad,Member,Male,Electronic accessories,73.26,1.0,3.663,76.923,1/27/2019,18:08:00,Ewallet,73.26,4.761904762,3.663,
835-16-0096,C,Mumbai,Normal,Male,Sports and travel,14.7,5.0,3.675,77.175,3/24/2019,13:48:00,Ewallet,73.5,4.761904762,3.675,8.5
339-12-4827,C,Mumbai,Member,Female,Fashion accessories,73.96,1.0,3.698,77.658,43586,11:32:00,Cash,73.96,4.761904762,3.698,5.0
899-19-6736,B,Mumbai,Member,Male,Food and beverages,73.96,1.0,3.698,77.658,43586,11:32:00,Cash,73.96,4.761904762,3.698,5.0
626-20-3867,C,Mumbai,Member,Female,Food and beverages,73.96,1.0,3.698,77.658,43586,11:32:00,Cash,73.96,4.761904762,3.698,5.0
277-63-2961,C,Mumbai,Member,Male,Sports and travel,73.97,1.0,3.6985,77.6685,43526,15:53:00,Cash,73.97,4.761904762,3.6985,5.4
377-93-1148,B,Mumbai,Member,Male,Sports and travel,73.97,1.0,3.6985,77.6685,43526,15:53:00,Cash,73.97,4.761904762,3.6985,5.4
685-74-6819,A,Mumbai,Member,Male,Food and beverages,73.97,1.0,3.6985,77.6685,43526,15:53:00,Ewallet,73.97,4.761904762,3.6985,5.4
445-89-1165,C,Mumbai,Member,Male,Food and beverages,73.97,1.0,3.6985,77.6685,43526,15:53:00,Cash,73.97,4.761904762,3.6985,5.4
400-60-7251,A,Delhi,Normal,Male,Home and lifestyle,74.07,1.0,3.7035,77.7735,43740,12:50:00,Cash,74.07,4.761904762,3.7035,9.9
815-77-4136,C,Delhi,Normal,Male,Home and lifestyle,74.07,1.0,3.7035,77.7735,43740,12:50:00,Cash,74.07,4.761904762,3.7035,9.9
843-73-4724,A,Mumbai,Normal,Male,Fashion accessories,74.1,1.0,3.705,77.805,1/25/2019,11:05:00,Cash,74.1,4.761904762,3.705,9.2
285-68-5083,C,Hyderabad,Member,Male,Sports and travel,24.74,3.0,3.711,77.931,2/15/2019,17:47:00,Cash,74.22,4.761904762,3.711,10.0
619-92-9507,A,Hyderabad,Member,Male,Food and beverages,24.74,3.0,3.711,77.931,2/15/2019,17:47:00,Ewallet,74.22,4.761904762,3.711,10.0
556-86-3144,C,Hyderabad,Member,Male,Fashion accessories,74.29,1.0,3.7145,78.0045,1/13/2019,19:30:00,Cash,74.29,4.761904762,3.7145,5.0
808-21-4298,C,Hyderabad,Normal,Male,Electronic accessories,12.45,6.0,3.735,78.435,43710,13:11:00,Cash,74.7,4.761904762,3.735,4.1
871-39-9221,C,Mumbai,Normal,Male,Food and beverages,12.45,6.0,3.735,78.435,43710,13:11:00,Cash,74.7,4.761904762,3.735,4.1
593-95-4461,C,Mumbai,Normal,Male,Home and lifestyle,74.86,1.0,3.743,78.603,3/24/2019,14:49:00,Cash,74.86,4.761904762,3.743,6.9
578-80-7669,B,Mumbai,Normal,Male,Sports and travel,74.97,1.0,3.7485,78.7185,3/16/2019,16:58:00,Cash,74.97,4.761904762,3.7485,5.6
699-67-2839,B,Mumbai,Normal,Male,Sports and travel,74.97,1.0,3.7485,78.7185,3/16/2019,16:58:00,Cash,74.97,4.761904762,3.7485,5.6
546-80-2899,A,Mumbai,Member,Male,Home and lifestyle,37.69,2.0,3.769,79.149,2/20/2019,15:29:00,Ewallet,75.38,4.761904762,3.769,9.5
525-88-7307,C,Mumbai,Member,Male,Sports and travel,75.82,1.0,3.791,79.611,1/31/2019,13:19:00,Cash,75.82,4.761904762,3.791,5.8
723-28-1008,B,Mumbai,Member,Male,Sports and travel,75.82,1.0,3.791,79.611,1/31/2019,13:19:00,Cash,75.82,4.761904762,3.791,5.8
343-87-0864,C,Hyderabad,Member,Male,Health and beauty,75.88,1.0,3.794,79.674,43525,10:30:00,Cash,75.88,4.761904762,3.794,7.1
169-67-8871,C,Hyderabad,Member,Male,Food and beverages,75.88,1.0,3.794,79.674,43525,10:30:00,Cash,75.88,4.761904762,3.794,7.1
226-31-3081,C,Hyderabad,Normal,Male,Electronic accessories,15.28,5.0,3.82,80.22,43680,10:29:00,Cash,76.4,4.761904762,3.82,9.6
574-88-0256,C,Hyderabad,Normal,Male,Electronic accessories,15.28,5.0,3.82,80.22,43680,10:29:00,Cash,76.4,4.761904762,3.82,9.6
172-42-8274,B,Mumbai,Normal,Female,Electronic accessories,38.27,2.0,3.827,80.367,43499,18:18:00,Cash,76.54,4.761904762,3.827,5.8
670-39-3181,B,Mumbai,Normal,Male,Electronic accessories,38.27,2.0,3.827,80.367,43499,18:18:00,Credit card,76.54,4.761904762,3.827,5.8
832-54-9821,B,Hyderabad,Normal,Male,Electronic accessories,38.27,2.0,3.827,80.367,43499,18:18:00,Credit card,76.54,4.761904762,3.827,
283-34-1502,A,Delhi,Member,Male,Electronic accessories,76.82,1.0,3.841,80.661,2/13/2019,18:27:00,Cash,76.82,4.761904762,3.841,7.2
563-36-9814,C,Mumbai,Member,Male,Electronic accessories,76.82,1.0,3.841,80.661,2/13/2019,18:27:00,Ewallet,76.82,4.761904762,3.841,7.2
458-94-7481,A,Delhi,Member,Male,Food and beverages,76.82,1.0,3.841,80.661,2/13/2019,18:27:00,Ewallet,76.82,4.761904762,3.841,7.2
228-65-1682,A,Delhi,Normal,Male,Sports and travel,25.7,3.0,3.855,80.955,1/17/2019,17:59:00,Ewallet,77.1,4.761904762,3.855,6.1
445-30-9252,C,Delhi,Normal,Male,Sports and travel,25.7,3.0,3.855,80.955,1/17/2019,17:59:00,Cash,77.1,4.761904762,3.855,6.1
489-63-6789,C,Delhi,Normal,Male,Sports and travel,25.7,3.0,3.855,80.955,1/17/2019,17:59:00,Cash,77.1,4.761904762,3.855,6.1
189-21-5032,C,Mumbai,Normal,Male,Food and beverages,25.7,3.0,3.855,80.955,1/17/2019,17:59:00,Cash,77.1,4.761904762,3.855,6.1
384-21-8091,A,Delhi,Normal,Male,Sports and travel,25.84,3.0,3.876,81.396,43741,18:55:00,Cash,77.52,4.761904762,3.876,6.6
696-90-2548,C,Delhi,Normal,Male,Sports and travel,25.84,3.0,3.876,81.396,43741,18:55:00,Ewallet,77.52,4.761904762,3.876,6.6
173-90-4352,C,Delhi,Normal,Male,Sports and travel,25.84,3.0,3.876,81.396,43741,18:55:00,Cash,77.52,4.761904762,3.876,6.6
636-98-3364,B,Mumbai,Member,Female,Electronic accessories,26.26,3.0,3.939,82.719,43499,12:36:00,Cash,78.78,4.761904762,3.939,6.3
916-22-5934,B,Mumbai,Member,Male,Food and beverages,26.26,3.0,3.939,82.719,43499,12:36:00,Ewallet,78.78,4.761904762,3.939,6.3
126-83-6475,B,Hyderabad,Member,Female,Electronic accessories,26.26,3.0,3.939,82.719,43499,12:36:00,Cash,78.78,4.761904762,3.939,
400-89-7565,A,Delhi,Member,Male,Sports and travel,39.47,2.0,3.947,82.887,43499,16:16:00,Cash,78.94,4.761904762,3.947,5.0
860-73-6466,A,Mumbai,Member,Female,Food and beverages,39.47,2.0,3.947,82.887,43499,16:16:00,Cash,78.94,4.761904762,3.947,5.0
495-63-7655,C,Delhi,Member,Male,Sports and travel,39.47,2.0,3.947,82.887,43499,16:16:00,Cash,78.94,4.761904762,3.947,5.0
189-48-2934,A,Delhi,Member,Male,Electronic accessories,26.48,3.0,3.972,83.412,3/21/2019,10:40:00,Ewallet,79.44,4.761904762,3.972,4.7
512-98-1403,A,Mumbai,Normal,Female,Electronic accessories,26.48,3.0,3.972,83.412,3/21/2019,10:40:00,Ewallet,79.44,4.761904762,3.972,4.7
885-17-6250,C,Mumbai,Normal,Female,Food and beverages,79.74,1.0,3.987,83.727,43619,10:36:00,Ewallet,79.74,4.761904762,3.987,7.3
319-50-3348,B,Mumbai,Normal,Female,Home and lifestyle,40.3,2.0,4.03,84.63,43772,15:30:00,Cash,80.6,4.761904762,4.03,4.4
209-47-7603,B,Mumbai,Normal,Female,Home and lifestyle,40.3,2.0,4.03,84.63,43772,15:30:00,Cash,80.6,4.761904762,4.03,4.4
121-76-4758,A,Delhi,Normal,Male,Food and beverages,11.53,7.0,4.0355,84.7455,1/28/2019,17:35:00,Cash,80.71,4.761904762,4.0355,8.1
865-41-9075,A,Mumbai,Normal,Male,Food and beverages,11.53,7.0,4.0355,84.7455,1/28/2019,17:35:00,Cash,80.71,4.761904762,4.0355,8.1
173-50-1108,C,Mumbai,Member,Female,Sports and travel,20.18,4.0,4.036,84.756,2/13/2019,12:14:00,Credit card,80.72,4.761904762,4.036,5.0
299-14-2831,B,Mumbai,Member,Male,Sports and travel,20.18,4.0,4.036,84.756,2/13/2019,12:14:00,Cash,80.72,4.761904762,4.036,5.0
130-13-6892,A,Mumbai,Member,Male,Sports and travel,20.18,4.0,4.036,84.756,2/13/2019,12:14:00,Cash,80.72,4.761904762,4.036,5.0
284-54-4231,C,Hyderabad,Member,Male,Sports and travel,80.93,1.0,4.0465,84.9765,1/19/2019,16:08:00,Cash,80.93,4.761904762,4.0465,9.0
365-17-9496,C,Hyderabad,Member,Male,Sports and travel,80.93,1.0,4.0465,84.9765,1/19/2019,16:08:00,Cash,80.93,4.761904762,4.0465,9.0
325-41-9358,A,Hyderabad,Member,Male,Food and beverages,80.93,1.0,4.0465,84.9765,1/19/2019,16:08:00,Ewallet,80.93,4.761904762,4.0465,9.0
300-15-1947,C,Hyderabad,Member,Male,Food and beverages,80.93,1.0,4.0465,84.9765,1/19/2019,16:08:00,Cash,80.93,4.761904762,4.0465,9.0
225-98-1496,C,Hyderabad,Normal,Male,Fashion accessories,27.02,3.0,4.053,85.113,43499,13:01:00,Credit card,81.06,4.761904762,4.053,7.1
679-22-6530,B,Mumbai,Normal,Female,Sports and travel,40.62,2.0,4.062,85.302,1/17/2019,10:01:00,Credit card,81.24,4.761904762,4.062,4.1
732-55-7364,B,Mumbai,Normal,Male,Sports and travel,40.62,2.0,4.062,85.302,1/17/2019,10:01:00,Credit card,81.24,4.761904762,4.062,4.1
175-74-9811,B,Mumbai,Normal,Female,Sports and travel,40.62,2.0,4.062,85.302,1/17/2019,10:01:00,Credit card,81.24,4.761904762,4.062,
115-38-7388,C,Mumbai,Member,Female,Fashion accessories,10.18,8.0,4.072,85.512,3/30/2019,12:51:00,Credit card,81.44,4.761904762,4.072,9.5
186-09-3669,C,Hyderabad,Member,Female,Health and beauty,81.51,1.0,4.0755,85.5855,1/22/2019,10:57:00,Ewallet,81.51,4.761904762,4.0755,9.2
116-68-7712,C,Hyderabad,Normal,Male,Food and beverages,27.22,3.0,4.083,85.743,43647,12:37:00,Cash,81.66,4.761904762,4.083,7.3
390-31-6381,C,Hyderabad,Normal,Male,Food and beverages,27.22,3.0,4.083,85.743,43647,12:37:00,Cash,81.66,4.761904762,4.083,7.3
196-85-9587,C,Hyderabad,Normal,Male,Food and beverages,27.22,3.0,4.083,85.743,43647,12:37:00,Cash,81.66,4.761904762,4.083,7.3
388-76-2555,B,Mumbai,Normal,Male,Sports and travel,13.69,6.0,4.107,86.247,2/13/2019,13:59:00,Cash,82.14,4.761904762,4.107,6.3
538-16-5229,B,Mumbai,Normal,Male,Sports and travel,13.69,6.0,4.107,86.247,2/13/2019,13:59:00,Cash,82.14,4.761904762,4.107,6.3
510-77-9381,C,Mumbai,Normal,Male,Sports and travel,13.69,6.0,4.107,86.247,2/13/2019,13:59:00,Cash,82.14,4.761904762,4.107,6.3
444-86-9669,B,Mumbai,Normal,Male,Electronic accessories,27.5,3.0,4.125,86.625,43468,15:40:00,Cash,82.5,4.761904762,4.125,6.5
453-63-6187,B,Mumbai,Normal,Male,Electronic accessories,27.5,3.0,4.125,86.625,43468,15:40:00,Ewallet,82.5,4.761904762,4.125,6.5
562-90-2695,C,Mumbai,Normal,Male,Electronic accessories,27.5,3.0,4.125,86.625,43468,15:40:00,Cash,82.5,4.761904762,4.125,6.5
187-83-5490,C,Delhi,Member,Male,Electronic accessories,20.77,4.0,4.154,87.234,1/31/2019,13:47:00,Cash,83.08,4.761904762,4.154,4.7
219-61-4139,C,Hyderabad,Normal,Male,Electronic accessories,83.08,1.0,4.154,87.234,1/23/2019,17:16:00,Cash,83.08,4.761904762,4.154,6.4
293-25-3901,C,Hyderabad,Normal,Male,Electronic accessories,83.08,1.0,4.154,87.234,1/23/2019,17:16:00,Cash,83.08,4.761904762,4.154,6.4
352-67-5962,A,Delhi,Member,Male,Electronic accessories,20.77,4.0,4.154,87.234,1/31/2019,13:47:00,Cash,83.08,4.761904762,4.154,4.7
665-75-6601,A,Hyderabad,Normal,Male,Electronic accessories,83.08,1.0,4.154,87.234,1/23/2019,17:16:00,Cash,83.08,4.761904762,4.154,6.4
461-33-8109,A,Delhi,Member,Male,Food and beverages,20.77,4.0,4.154,87.234,1/31/2019,13:47:00,Cash,83.08,4.761904762,4.154,4.7
227-45-8142,C,Hyderabad,Member,Male,Food and beverages,21.04,4.0,4.208,88.368,1/13/2019,13:58:00,Cash,84.16,4.761904762,4.208,7.6
784-08-0310,C,Hyderabad,Member,Female,Food and beverages,21.04,4.0,4.208,88.368,1/13/2019,13:58:00,Cash,84.16,4.761904762,4.208,7.6
237-44-6163,A,Mumbai,Normal,Male,Electronic accessories,10.56,8.0,4.224,88.704,1/24/2019,17:43:00,Cash,84.48,4.761904762,4.224,7.6
543-82-4877,A,Delhi,Normal,Male,Electronic accessories,10.56,8.0,4.224,88.704,1/24/2019,17:43:00,Cash,84.48,4.761904762,4.224,7.6
284-57-2636,C,Hyderabad,Normal,Male,Food and beverages,84.83,1.0,4.2415,89.0715,1/14/2019,15:20:00,Cash,84.83,4.761904762,4.2415,8.8
451-73-2711,C,Mumbai,Normal,Male,Food and beverages,84.83,1.0,4.2415,89.0715,1/14/2019,15:20:00,Ewallet,84.83,4.761904762,4.2415,8.8
892-96-7314,A,Hyderabad,Normal,Male,Food and beverages,84.83,1.0,4.2415,89.0715,1/14/2019,15:20:00,Ewallet,84.83,4.761904762,4.2415,8.8
321-48-1197,C,Mumbai,Normal,Male,Food and beverages,84.83,1.0,4.2415,89.0715,1/14/2019,15:20:00,Ewallet,84.83,4.761904762,4.2415,8.8
109-13-8136,C,Mumbai,Normal,Male,Food and beverages,84.83,1.0,4.2415,89.0715,1/14/2019,15:20:00,Ewallet,84.83,4.761904762,4.2415,8.8
565-91-4567,B,Mumbai,Normal,Male,Health and beauty,10.75,8.0,4.3,90.3,3/15/2019,14:38:00,Cash,86.0,4.761904762,4.3,6.2
848-95-6252,C,Mumbai,Member,Female,Food and beverages,86.27,1.0,4.3135,90.5835,2/20/2019,13:24:00,Cash,86.27,4.761904762,4.3135,7.0
586-25-0848,A,Delhi,Normal,Male,Sports and travel,12.34,7.0,4.319,90.699,43558,11:19:00,Credit card,86.38,4.761904762,4.319,6.7
213-72-6612,A,Delhi,Normal,Male,Food and beverages,43.25,2.0,4.325,90.825,3/20/2019,15:56:00,Cash,86.5,4.761904762,4.325,6.2
626-15-8344,A,Delhi,Normal,Male,Food and beverages,43.25,2.0,4.325,90.825,3/20/2019,15:56:00,Cash,86.5,4.761904762,4.325,6.2
799-30-4841,A,Hyderabad,Normal,Male,Food and beverages,43.25,2.0,4.325,90.825,3/20/2019,15:56:00,Cash,86.5,4.761904762,4.325,
121-74-6421,C,Hyderabad,Normal,Male,Food and beverages,43.27,2.0,4.327,90.867,43680,16:53:00,Ewallet,86.54,4.761904762,4.327,5.7
574-57-9721,C,Hyderabad,Normal,Male,Food and beverages,43.27,2.0,4.327,90.867,43680,16:53:00,Ewallet,86.54,4.761904762,4.327,5.7
280-35-5823,B,Mumbai,Member,Male,Home and lifestyle,86.72,1.0,4.336,91.056,1/17/2019,18:45:00,Cash,86.72,4.761904762,4.336,7.9
361-11-8624,A,Mumbai,Member,Male,Food and beverages,86.72,1.0,4.336,91.056,1/17/2019,18:45:00,Ewallet,86.72,4.761904762,4.336,7.9
211-30-9270,C,Hyderabad,Normal,Male,Health and beauty,17.41,5.0,4.3525,91.4025,1/28/2019,15:16:00,Credit card,87.05,4.761904762,4.3525,4.9
147-39-7499,C,Hyderabad,Member,Male,Food and beverages,17.44,5.0,4.36,91.56,1/15/2019,19:25:00,Cash,87.2,4.761904762,4.36,8.1
450-28-2866,C,Hyderabad,Member,Male,Food and beverages,17.44,5.0,4.36,91.56,1/15/2019,19:25:00,Cash,87.2,4.761904762,4.36,8.1
775-46-9279,C,Mumbai,Normal,Male,Food and beverages,17.44,5.0,4.36,91.56,1/15/2019,19:25:00,Cash,87.2,4.761904762,4.36,8.1
832-12-2209,C,Mumbai,Normal,Male,Food and beverages,17.44,5.0,4.36,91.56,1/15/2019,19:25:00,Cash,87.2,4.761904762,4.36,8.1
848-24-9445,C,Hyderabad,Member,Male,Food and beverages,43.7,2.0,4.37,91.77,3/26/2019,18:03:00,Cash,87.4,4.761904762,4.37,4.9
313-66-9943,B,Mumbai,Member,Female,Food and beverages,29.15,3.0,4.3725,91.8225,3/27/2019,20:29:00,Cash,87.45,4.761904762,4.3725,7.3
988-10-2997,A,Mumbai,Member,Male,Food and beverages,29.15,3.0,4.3725,91.8225,3/27/2019,20:29:00,Credit card,87.45,4.761904762,4.3725,7.3
411-44-8362,B,Mumbai,Member,Female,Food and beverages,29.15,3.0,4.3725,91.8225,3/27/2019,20:29:00,Cash,87.45,4.761904762,4.3725,7.3
309-97-6732,A,Delhi,Member,Male,Food and beverages,87.9,1.0,4.395,92.295,43587,19:42:00,Cash,87.9,4.761904762,4.395,6.7
325-89-4209,A,Mumbai,Member,Male,Food and beverages,87.9,1.0,4.395,92.295,43587,19:42:00,Cash,87.9,4.761904762,4.395,6.7
517-92-7395,A,Delhi,Member,Male,Food and beverages,87.9,1.0,4.395,92.295,43587,19:42:00,Cash,87.9,4.761904762,4.395,6.7
233-17-5428,A,Mumbai,Member,Male,Food and beverages,87.9,1.0,4.395,92.295,43587,19:42:00,Cash,87.9,4.761904762,4.395,6.7
564-70-6199,A,Delhi,Member,Male,Sports and travel,22.01,4.0,4.402,92.442,1/29/2019,18:15:00,Credit card,88.04,4.761904762,4.402,6.6
569-76-2760,A,Mumbai,Member,Female,Sports and travel,22.01,4.0,4.402,92.442,1/29/2019,18:15:00,Cash,88.04,4.761904762,4.402,6.6
276-94-5781,B,Mumbai,Member,Female,Food and beverages,17.63,5.0,4.4075,92.5575,43680,15:27:00,Cash,88.15,4.761904762,4.4075,8.5
364-33-8584,C,Mumbai,Member,Female,Food and beverages,17.63,5.0,4.4075,92.5575,43680,15:27:00,Cash,88.15,4.761904762,4.4075,8.5
467-18-2169,A,Mumbai,Member,Female,Food and beverages,17.63,5.0,4.4075,92.5575,43680,15:27:00,Ewallet,88.15,4.761904762,4.4075,8.5
951-45-2481,C,Mumbai,Member,Female,Food and beverages,17.63,5.0,4.4075,92.5575,43680,15:27:00,Cash,88.15,4.761904762,4.4075,8.5
321-49-7382,B,Mumbai,Member,Male,Sports and travel,88.31,1.0,4.4155,92.7255,2/15/2019,17:38:00,Cash,88.31,4.761904762,4.4155,5.2
836-41-9935,B,Mumbai,Member,Male,Sports and travel,88.31,1.0,4.4155,92.7255,2/15/2019,17:38:00,Credit card,88.31,4.761904762,4.4155,5.2
765-44-9132,B,Mumbai,Member,Male,Sports and travel,88.31,1.0,4.4155,92.7255,2/15/2019,17:38:00,Cash,88.31,4.761904762,4.4155,5.2
511-54-3087,C,Mumbai,Normal,Male,Sports and travel,88.45,1.0,4.4225,92.8725,2/25/2019,16:36:00,Cash,88.45,4.761904762,4.4225,9.5
807-24-7298,B,Mumbai,Normal,Male,Sports and travel,88.45,1.0,4.4225,92.8725,2/25/2019,16:36:00,Credit card,88.45,4.761904762,4.4225,9.5
779-06-0012,C,Mumbai,Normal,Female,Home and lifestyle,88.61,1.0,4.4305,93.0405,1/19/2019,10:21:00,Cash,88.61,4.761904762,4.4305,7.7
106-35-6779,A,Delhi,Member,Male,Home and lifestyle,44.34,2.0,4.434,93.114,3/27/2019,11:26:00,Cash,88.68,4.761904762,4.434,5.8
394-43-4238,B,Mumbai,Member,Male,Home and lifestyle,17.77,5.0,4.4425,93.2925,2/15/2019,12:42:00,Cash,88.85,4.761904762,4.4425,5.4
635-95-6223,C,Mumbai,Member,Male,Home and lifestyle,17.77,5.0,4.4425,93.2925,2/15/2019,12:42:00,Cash,88.85,4.761904762,4.4425,5.4
210-30-7976,B,Mumbai,Member,Female,Fashion accessories,22.32,4.0,4.464,93.744,3/14/2019,11:16:00,Ewallet,89.28,4.761904762,4.464,4.1
247-11-2470,A,Mumbai,Member,Female,Fashion accessories,22.32,4.0,4.464,93.744,43468,16:23:00,Credit card,89.28,4.761904762,4.464,4.4
623-71-9244,A,Delhi,Normal,Male,Fashion accessories,22.32,4.0,4.464,93.744,43468,16:23:00,Credit card,89.28,4.761904762,4.464,4.4
852-17-3570,B,Mumbai,Normal,Male,Food and beverages,22.32,4.0,4.464,93.744,3/14/2019,11:16:00,Ewallet,89.28,4.761904762,4.464,4.1
870-51-2623,A,Hyderabad,Normal,Male,Fashion accessories,22.32,4.0,4.464,93.744,43468,16:23:00,Credit card,89.28,4.761904762,4.464,
478-06-7835,A,Delhi,Normal,Male,Fashion accessories,89.69,1.0,4.4845,94.1745,43770,11:20:00,Ewallet,89.69,4.761904762,4.4845,4.9
604-70-6476,A,Delhi,Member,Male,Fashion accessories,17.94,5.0,4.485,94.185,1/23/2019,14:04:00,Ewallet,89.7,4.761904762,4.485,6.8
622-70-4813,A,Delhi,Member,Male,Fashion accessories,17.94,5.0,4.485,94.185,1/23/2019,14:04:00,Ewallet,89.7,4.761904762,4.485,
512-91-0811,C,Hyderabad,Normal,Male,Health and beauty,89.75,1.0,4.4875,94.2375,43618,20:05:00,Credit card,89.75,4.761904762,4.4875,6.6
573-58-9734,B,Mumbai,Normal,Male,Fashion accessories,30.37,3.0,4.5555,95.6655,3/28/2019,13:41:00,Ewallet,91.11,4.761904762,4.5555,5.1
528-14-9470,A,Mumbai,Member,Male,Health and beauty,91.3,1.0,4.565,95.865,2/14/2019,14:42:00,Cash,91.3,4.761904762,4.565,9.2
539-59-6829,B,Mumbai,Member,Male,Fashion accessories,91.35,1.0,4.5675,95.9175,2/16/2019,15:42:00,Cash,91.35,4.761904762,4.5675,6.8
598-06-7312,C,Mumbai,Member,Male,Fashion accessories,91.35,1.0,4.5675,95.9175,2/16/2019,15:42:00,Cash,91.35,4.761904762,4.5675,6.8
934-55-7289,C,Mumbai,Member,Male,Fashion accessories,91.35,1.0,4.5675,95.9175,2/16/2019,15:42:00,Cash,91.35,4.761904762,4.5675,
372-94-8041,A,Mumbai,Normal,Male,Health and beauty,15.26,6.0,4.578,96.138,2/15/2019,18:03:00,Cash,91.56,4.761904762,4.578,9.8
137-20-3825,C,Mumbai,Normal,Male,Food and beverages,15.26,6.0,4.578,96.138,2/15/2019,18:03:00,Cash,91.56,4.761904762,4.578,9.8
436-54-4512,C,Delhi,Member,Female,Food and beverages,91.61,1.0,4.5805,96.1905,3/20/2019,19:44:00,Cash,91.61,4.761904762,4.5805,9.8
659-43-7071,A,Delhi,Member,Female,Food and beverages,91.61,1.0,4.5805,96.1905,3/20/2019,19:44:00,Cash,91.61,4.761904762,4.5805,9.8
318-20-6575,C,Delhi,Normal,Female,Food and beverages,91.61,1.0,4.5805,96.1905,3/20/2019,19:44:00,Cash,91.61,4.761904762,4.5805,9.8
752-82-1396,A,Hyderabad,Member,Female,Food and beverages,91.61,1.0,4.5805,96.1905,3/20/2019,19:44:00,Cash,91.61,4.761904762,4.5805,
256-58-3609,C,Hyderabad,Member,Male,Fashion accessories,91.98,1.0,4.599,96.579,3/18/2019,15:29:00,Cash,91.98,4.761904762,4.599,9.8
460-35-4390,C,Delhi,Normal,Male,Home and lifestyle,30.68,3.0,4.602,96.642,1/22/2019,11:00:00,Ewallet,92.04,4.761904762,4.602,9.1
359-94-5395,B,Mumbai,Normal,Male,Health and beauty,92.78,1.0,4.639,97.419,3/15/2019,10:50:00,Cash,92.78,4.761904762,4.639,9.8
205-66-5279,C,Mumbai,Normal,Male,Food and beverages,92.78,1.0,4.639,97.419,3/15/2019,10:50:00,Cash,92.78,4.761904762,4.639,9.8
737-88-5876,A,Mumbai,Member,Male,Home and lifestyle,23.29,4.0,4.658,97.818,3/19/2019,11:52:00,Cash,93.16,4.761904762,4.658,5.9
697-91-8479,A,Delhi,Normal,Male,Electronic accessories,46.61,2.0,4.661,97.881,2/26/2019,12:28:00,Credit card,93.22,4.761904762,4.661,6.6
702-72-0487,A,Mumbai,Normal,Female,Electronic accessories,46.61,2.0,4.661,97.881,2/26/2019,12:28:00,Credit card,93.22,4.761904762,4.661,6.6
267-39-8791,B,Mumbai,Member,Male,Food and beverages,23.34,4.0,4.668,98.028,43557,18:53:00,Ewallet,93.36,4.761904762,4.668,7.4
434-35-9162,B,Mumbai,Member,Male,Food and beverages,23.34,4.0,4.668,98.028,43557,18:53:00,Cash,93.36,4.761904762,4.668,7.4
448-51-3375,C,Mumbai,Member,Male,Food and beverages,23.34,4.0,4.668,98.028,43557,18:53:00,Cash,93.36,4.761904762,4.668,7.4
388-63-5685,B,Mumbai,Normal,Male,Sports and travel,93.38,1.0,4.669,98.049,43525,13:07:00,Cash,93.38,4.761904762,4.669,9.6
875-31-8302,B,Mumbai,Normal,Male,Food and beverages,93.38,1.0,4.669,98.049,43525,13:07:00,Cash,93.38,4.761904762,4.669,9.6
912-76-6773,C,Mumbai,Normal,Male,Sports and travel,93.38,1.0,4.669,98.049,43525,13:07:00,Cash,93.38,4.761904762,4.669,9.6
182-69-8360,C,Mumbai,Normal,Female,Electronic accessories,23.65,4.0,4.73,99.33,1/30/2019,13:32:00,Credit card,94.6,4.761904762,4.73,4.0
803-71-7215,B,Mumbai,Normal,Male,Electronic accessories,23.65,4.0,4.73,99.33,1/30/2019,13:32:00,Credit card,94.6,4.761904762,4.73,4.0
343-75-9322,B,Mumbai,Member,Female,Sports and travel,11.85,8.0,4.74,99.54,43709,16:34:00,Cash,94.8,4.761904762,4.74,4.1
784-36-2391,B,Mumbai,Member,Male,Sports and travel,11.85,8.0,4.74,99.54,43709,16:34:00,Cash,94.8,4.761904762,4.74,4.1
624-14-3272,B,Mumbai,Member,Female,Food and beverages,11.85,8.0,4.74,99.54,43709,16:34:00,Cash,94.8,4.761904762,4.74,4.1
290-68-2984,A,Mumbai,Normal,Male,Home and lifestyle,23.75,4.0,4.75,99.75,3/16/2019,11:22:00,Cash,95.0,4.761904762,4.75,5.2
882-91-3149,A,Mumbai,Normal,Male,Home and lifestyle,23.75,4.0,4.75,99.75,3/16/2019,11:22:00,Ewallet,95.0,4.761904762,4.75,5.2
239-17-1505,A,Delhi,Normal,Male,Electronic accessories,95.15,1.0,4.7575,99.9075,3/22/2019,14:00:00,Cash,95.15,4.761904762,4.7575,6.0
674-56-6360,A,Mumbai,Normal,Male,Electronic accessories,95.15,1.0,4.7575,99.9075,3/22/2019,14:00:00,Cash,95.15,4.761904762,4.7575,6.0
795-12-7423,A,Mumbai,Normal,Male,Electronic accessories,95.15,1.0,4.7575,99.9075,3/22/2019,14:00:00,Cash,95.15,4.761904762,4.7575,
186-43-8965,A,Mumbai,Member,Female,Home and lifestyle,47.68,2.0,4.768,100.128,2/24/2019,10:10:00,Cash,95.36,4.761904762,4.768,4.1
602-80-9671,C,Hyderabad,Member,Female,Home and lifestyle,15.95,6.0,4.785,100.485,43710,17:15:00,Cash,95.7,4.761904762,4.785,5.1
576-53-9588,C,Hyderabad,Member,Female,Home and lifestyle,15.95,6.0,4.785,100.485,43710,17:15:00,Cash,95.7,4.761904762,4.785,
268-03-6164,C,Mumbai,Normal,Male,Health and beauty,96.11,1.0,4.8055,100.9155,1/25/2019,16:28:00,Ewallet,96.11,4.761904762,4.8055,7.8
277-66-9040,B,Mumbai,Member,Male,Electronic accessories,12.1,8.0,4.84,101.64,1/19/2019,10:17:00,Cash,96.8,4.761904762,4.84,8.6
761-49-0439,B,Mumbai,Member,Female,Electronic accessories,12.1,8.0,4.84,101.64,1/19/2019,10:17:00,Ewallet,96.8,4.761904762,4.84,8.6
515-19-6348,A,Mumbai,Member,Male,Food and beverages,12.1,8.0,4.84,101.64,1/19/2019,10:17:00,Ewallet,96.8,4.761904762,4.84,8.6
176-64-7711,C,Mumbai,Normal,Male,Food and beverages,32.32,3.0,4.848,101.808,3/27/2019,19:11:00,Credit card,96.96,4.761904762,4.848,4.3
389-79-9875,B,Mumbai,Normal,Male,Food and beverages,32.32,3.0,4.848,101.808,3/27/2019,19:11:00,Cash,96.96,4.761904762,4.848,4.3
658-77-5791,C,Mumbai,Normal,Male,Food and beverages,32.32,3.0,4.848,101.808,3/27/2019,19:11:00,Cash,96.96,4.761904762,4.848,4.3
128-80-0512,A,Delhi,Normal,Male,Electronic accessories,97.16,1.0,4.858,102.018,43680,20:38:00,Ewallet,97.16,4.761904762,4.858,7.2
594-34-4444,A,Delhi,Normal,Male,Electronic accessories,97.16,1.0,4.858,102.018,43680,20:38:00,Ewallet,97.16,4.761904762,4.858,7.2
137-74-8729,C,Mumbai,Normal,Female,Fashion accessories,12.19,8.0,4.876,102.396,3/13/2019,12:47:00,Ewallet,97.52,4.761904762,4.876,6.8
643-38-7867,C,Delhi,Normal,Male,Home and lifestyle,97.94,1.0,4.897,102.837,43649,11:44:00,Ewallet,97.94,4.761904762,4.897,6.9
786-74-9924,C,Hyderabad,Normal,Male,Home and lifestyle,97.94,1.0,4.897,102.837,43649,11:44:00,Ewallet,97.94,4.761904762,4.897,
215-12-3210,B,Mumbai,Member,Male,Sports and travel,98.13,1.0,4.9065,103.0365,1/21/2019,17:36:00,Cash,98.13,4.761904762,4.9065,8.9
401-18-8016,C,Mumbai,Member,Female,Sports and travel,98.13,1.0,4.9065,103.0365,1/21/2019,17:36:00,Cash,98.13,4.761904762,4.9065,8.9
907-89-1865,C,Mumbai,Member,Male,Sports and travel,98.13,1.0,4.9065,103.0365,1/21/2019,17:36:00,Cash,98.13,4.761904762,4.9065,8.9
241-96-5076,C,Mumbai,Member,Female,Home and lifestyle,49.1,2.0,4.91,103.11,43678,12:58:00,Credit card,98.2,4.761904762,4.91,6.4
181-82-6255,B,Mumbai,Normal,Female,Home and lifestyle,16.37,6.0,4.911,103.131,43679,10:58:00,Cash,98.22,4.761904762,4.911,7.0
529-23-6447,A,Delhi,Normal,Male,Food and beverages,32.9,3.0,4.935,103.635,2/17/2019,17:27:00,Credit card,98.7,4.761904762,4.935,9.1
634-97-8956,A,Mumbai,Normal,Male,Food and beverages,32.9,3.0,4.935,103.635,2/17/2019,17:27:00,Credit card,98.7,4.761904762,4.935,9.1
528-94-8156,A,Hyderabad,Normal,Male,Food and beverages,32.9,3.0,4.935,103.635,2/17/2019,17:27:00,Credit card,98.7,4.761904762,4.935,
233-34-0817,C,Hyderabad,Member,Female,Electronic accessories,98.84,1.0,4.942,103.782,2/15/2019,11:21:00,Cash,98.84,4.761904762,4.942,8.4
439-59-1277,C,Hyderabad,Member,Male,Electronic accessories,98.84,1.0,4.942,103.782,2/15/2019,11:21:00,Cash,98.84,4.761904762,4.942,8.4
188-29-6582,C,Hyderabad,Normal,Male,Electronic accessories,98.84,1.0,4.942,103.782,2/15/2019,11:21:00,Cash,98.84,4.761904762,4.942,8.4
214-17-6927,C,Hyderabad,Normal,Male,Food and beverages,16.48,6.0,4.944,103.824,43648,18:23:00,Ewallet,98.88,4.761904762,4.944,9.9
396-45-1109,C,Hyderabad,Normal,Female,Food and beverages,16.48,6.0,4.944,103.824,43648,18:23:00,Cash,98.88,4.761904762,4.944,9.9
341-71-4053,C,Hyderabad,Normal,Male,Food and beverages,16.48,6.0,4.944,103.824,43648,18:23:00,Cash,98.88,4.761904762,4.944,9.9
250-81-7186,C,Hyderabad,Normal,Female,Electronic accessories,99.69,1.0,4.9845,104.6745,2/27/2019,10:23:00,Credit card,99.69,4.761904762,4.9845,8.0
432-60-5664,C,Hyderabad,Normal,Male,Electronic accessories,99.69,1.0,4.9845,104.6745,2/27/2019,10:23:00,Cash,99.69,4.761904762,4.9845,8.0
534-79-2056,C,Hyderabad,Normal,Male,Electronic accessories,99.69,1.0,4.9845,104.6745,2/27/2019,10:23:00,Cash,99.69,4.761904762,4.9845,8.0
883-69-1285,B,Mumbai,Member,Male,Food and beverages,49.92,2.0,4.992,104.832,43619,11:55:00,Cash,99.84,4.761904762,4.992,7.0
176-78-1170,C,Mumbai,Member,Male,Health and beauty,33.81,3.0,5.0715,106.5015,1/26/2019,15:11:00,Cash,101.43,4.761904762,5.0715,7.3
152-03-4217,B,Mumbai,Normal,Female,Home and lifestyle,11.28,9.0,5.076,106.596,3/17/2019,11:55:00,Cash,101.52,4.761904762,5.076,4.3
756-01-7507,C,Hyderabad,Normal,Male,Health and beauty,20.38,5.0,5.095,106.995,1/22/2019,18:56:00,Cash,101.9,4.761904762,5.095,6.0
529-56-3974,B,Mumbai,Member,Male,Electronic accessories,25.51,4.0,5.102,107.142,43711,17:03:00,Cash,102.04,4.761904762,5.102,6.8
550-12-0305,B,Mumbai,Member,Male,Electronic accessories,25.51,4.0,5.102,107.142,43711,17:03:00,Cash,102.04,4.761904762,5.102,6.8
641-43-2399,B,Mumbai,Normal,Male,Home and lifestyle,25.55,4.0,5.11,107.31,1/26/2019,20:23:00,Ewallet,102.2,4.761904762,5.11,5.7
977-16-8618,B,Hyderabad,Normal,Male,Home and lifestyle,25.55,4.0,5.11,107.31,1/26/2019,20:23:00,Ewallet,102.2,4.761904762,5.11,
132-23-6451,C,Delhi,Member,Male,Health and beauty,20.97,5.0,5.2425,110.0925,43556,13:21:00,Cash,104.85,4.761904762,5.2425,7.8
821-14-9046,C,Mumbai,Member,Female,Fashion accessories,17.48,6.0,5.244,110.124,1/18/2019,15:04:00,Credit card,104.88,4.761904762,5.244,6.1
630-52-9213,A,Mumbai,Normal,Male,Food and beverages,17.48,6.0,5.244,110.124,1/18/2019,15:04:00,Credit card,104.88,4.761904762,5.244,6.1
378-24-2715,B,Mumbai,Normal,Male,Home and lifestyle,53.44,2.0,5.344,112.224,1/20/2019,20:38:00,Cash,106.88,4.761904762,5.344,4.1
789-95-2164,C,Mumbai,Normal,Male,Food and beverages,53.44,2.0,5.344,112.224,1/20/2019,20:38:00,Cash,106.88,4.761904762,5.344,4.1
157-99-6349,A,Delhi,Member,Male,Sports and travel,27.04,4.0,5.408,113.568,43466,20:26:00,Ewallet,108.16,4.761904762,5.408,6.9
182-52-7000,C,Delhi,Member,Female,Sports and travel,27.04,4.0,5.408,113.568,43466,20:26:00,Ewallet,108.16,4.761904762,5.408,6.9
599-51-2147,A,Delhi,Normal,Female,Food and beverages,10.96,10.0,5.48,115.08,43498,20:48:00,Ewallet,109.6,4.761904762,5.48,6.0
642-32-2990,A,Delhi,Normal,Male,Food and beverages,10.96,10.0,5.48,115.08,43498,20:48:00,Ewallet,109.6,4.761904762,5.48,6.0
687-92-6543,A,Delhi,Normal,Female,Food and beverages,10.96,10.0,5.48,115.08,43498,20:48:00,Ewallet,109.6,4.761904762,5.48,
925-89-7173,A,Hyderabad,Normal,Male,Food and beverages,10.96,10.0,5.48,115.08,43498,20:48:00,Ewallet,109.6,4.761904762,5.48,
291-32-1427,B,Mumbai,Member,Male,Fashion accessories,21.94,5.0,5.485,115.185,43588,12:29:00,Cash,109.7,4.761904762,5.485,5.3
420-61-5021,A,Mumbai,Member,Male,Fashion accessories,21.94,5.0,5.485,115.185,43588,12:29:00,Ewallet,109.7,4.761904762,5.485,5.3
487-79-6868,B,Mumbai,Member,Female,Home and lifestyle,12.29,9.0,5.5305,116.1405,3/26/2019,19:28:00,Credit card,110.61,4.761904762,5.5305,8.0
662-47-3616,B,Mumbai,Member,Male,Electronic accessories,55.67,2.0,5.567,116.907,3/27/2019,15:08:00,Ewallet,111.34,4.761904762,5.567,6.0
794-32-2436,C,Mumbai,Member,Male,Electronic accessories,55.67,2.0,5.567,116.907,3/27/2019,15:08:00,Cash,111.34,4.761904762,5.567,6.0
410-43-4981,B,Hyderabad,Member,Male,Electronic accessories,55.67,2.0,5.567,116.907,3/27/2019,15:08:00,Ewallet,111.34,4.761904762,5.567,
554-53-8700,C,Hyderabad,Member,Male,Home and lifestyle,56.11,2.0,5.611,117.831,43498,10:11:00,Cash,112.22,4.761904762,5.611,6.3
356-44-8813,C,Mumbai,Normal,Male,Home and lifestyle,37.48,3.0,5.622,118.062,1/20/2019,13:45:00,Cash,112.44,4.761904762,5.622,7.7
466-31-7832,C,Mumbai,Normal,Male,Food and beverages,37.48,3.0,5.622,118.062,1/20/2019,13:45:00,Cash,112.44,4.761904762,5.622,7.7
243-47-2663,C,Hyderabad,Member,Male,Electronic accessories,18.77,6.0,5.631,118.251,1/28/2019,16:43:00,Credit card,112.62,4.761904762,5.631,5.5
365-54-4165,C,Hyderabad,Member,Male,Electronic accessories,18.77,6.0,5.631,118.251,1/28/2019,16:43:00,Cash,112.62,4.761904762,5.631,5.5
768-30-8447,C,Hyderabad,Member,Male,Food and beverages,18.77,6.0,5.631,118.251,1/28/2019,16:43:00,Cash,112.62,4.761904762,5.631,5.5
748-45-2862,A,Mumbai,Member,Female,Home and lifestyle,28.31,4.0,5.662,118.902,43649,18:35:00,Cash,113.24,4.761904762,5.662,8.2
379-25-9843,B,Mumbai,Member,Male,Electronic accessories,18.93,6.0,5.679,119.259,43740,12:45:00,Cash,113.58,4.761904762,5.679,8.1
669-54-1719,B,Mumbai,Member,Male,Electronic accessories,18.93,6.0,5.679,119.259,43740,12:45:00,Credit card,113.58,4.761904762,5.679,8.1
109-63-8625,C,Mumbai,Member,Male,Food and beverages,18.93,6.0,5.679,119.259,43740,12:45:00,Cash,113.58,4.761904762,5.679,8.1
424-44-8717,B,Hyderabad,Member,Male,Electronic accessories,18.93,6.0,5.679,119.259,43740,12:45:00,Credit card,113.58,4.761904762,5.679,
848-07-1692,C,Mumbai,Normal,Female,Food and beverages,57.22,2.0,5.722,120.162,43800,17:13:00,Ewallet,114.44,4.761904762,5.722,8.3
606-80-4905,C,Hyderabad,Member,Male,Sports and travel,19.15,6.0,5.745,120.645,1/29/2019,10:01:00,Credit card,114.9,4.761904762,5.745,6.8
271-27-6618,C,Hyderabad,Member,Male,Sports and travel,19.15,6.0,5.745,120.645,1/29/2019,10:01:00,Credit card,114.9,4.761904762,5.745,
727-75-6477,C,Mumbai,Normal,Male,Electronic accessories,28.84,4.0,5.768,121.128,3/29/2019,14:44:00,Cash,115.36,4.761904762,5.768,6.4
980-64-1997,A,Mumbai,Normal,Male,Food and beverages,28.84,4.0,5.768,121.128,3/29/2019,14:44:00,Cash,115.36,4.761904762,5.768,6.4
349-97-8902,C,Mumbai,Member,Male,Food and beverages,57.89,2.0,5.789,121.569,1/17/2019,10:37:00,Cash,115.78,4.761904762,5.789,8.9
923-26-3621,B,Mumbai,Member,Male,Food and beverages,57.89,2.0,5.789,121.569,1/17/2019,10:37:00,Ewallet,115.78,4.761904762,5.789,8.9
564-36-2229,C,Mumbai,Member,Male,Food and beverages,57.89,2.0,5.789,121.569,1/17/2019,10:37:00,Cash,115.78,4.761904762,5.789,8.9
242-91-7588,C,Hyderabad,Member,Female,Food and beverages,38.6,3.0,5.79,121.59,3/28/2019,13:57:00,Ewallet,115.8,4.761904762,5.79,7.5
266-76-6436,C,Hyderabad,Member,Female,Food and beverages,38.6,3.0,5.79,121.59,3/28/2019,13:57:00,Ewallet,115.8,4.761904762,5.79,7.5
745-74-0715,A,Mumbai,Normal,Male,Electronic accessories,58.03,2.0,5.803,121.863,43741,20:46:00,Ewallet,116.06,4.761904762,5.803,8.8
874-49-5560,A,Mumbai,Normal,Male,Food and beverages,58.03,2.0,5.803,121.863,43741,20:46:00,Ewallet,116.06,4.761904762,5.803,8.8
545-07-8534,C,Mumbai,Normal,Female,Health and beauty,58.32,2.0,5.832,122.472,2/14/2019,12:42:00,Cash,116.64,4.761904762,5.832,6.0
583-41-4548,C,Hyderabad,Normal,Male,Home and lifestyle,16.67,7.0,5.8345,122.5245,43648,11:36:00,Ewallet,116.69,4.761904762,5.8345,7.4
372-26-1506,C,Hyderabad,Normal,Female,Fashion accessories,23.82,5.0,5.955,125.055,1/28/2019,19:24:00,Cash,119.1,4.761904762,5.955,5.4
978-82-9042,A,Mumbai,Normal,Male,Food and beverages,23.82,5.0,5.955,125.055,1/28/2019,19:24:00,Ewallet,119.1,4.761904762,5.955,5.4
685-62-7155,C,Hyderabad,Normal,Female,Food and beverages,23.82,5.0,5.955,125.055,1/28/2019,19:24:00,Cash,119.1,4.761904762,5.955,5.4
448-81-5016,A,Delhi,Normal,Male,Health and beauty,59.77,2.0,5.977,125.517,43772,12:01:00,Cash,119.54,4.761904762,5.977,5.8
701-86-7377,C,Delhi,Normal,Male,Health and beauty,59.77,2.0,5.977,125.517,43772,12:01:00,Cash,119.54,4.761904762,5.977,5.8
536-49-8876,C,Mumbai,Normal,Male,Food and beverages,59.77,2.0,5.977,125.517,43772,12:01:00,Cash,119.54,4.761904762,5.977,5.8
396-90-2219,B,Mumbai,Normal,Female,Electronic accessories,14.96,8.0,5.984,125.664,2/23/2019,12:29:00,Cash,119.68,4.761904762,5.984,8.6
705-26-5433,B,Mumbai,Normal,Male,Electronic accessories,14.96,8.0,5.984,125.664,2/23/2019,12:29:00,Cash,119.68,4.761904762,5.984,8.6
518-34-1041,C,Mumbai,Normal,Male,Electronic accessories,14.96,8.0,5.984,125.664,2/23/2019,12:29:00,Cash,119.68,4.761904762,5.984,8.6
339-38-9982,C,Mumbai,Member,Male,Fashion accessories,59.86,2.0,5.986,125.706,1/13/2019,14:55:00,Cash,119.72,4.761904762,5.986,6.7
647-62-7278,B,Mumbai,Member,Male,Fashion accessories,59.86,2.0,5.986,125.706,1/13/2019,14:55:00,Cash,119.72,4.761904762,5.986,6.7
972-77-4012,C,Mumbai,Member,Male,Food and beverages,59.86,2.0,5.986,125.706,1/13/2019,14:55:00,Cash,119.72,4.761904762,5.986,6.7
312-46-1983,B,Hyderabad,Member,Male,Fashion accessories,59.86,2.0,5.986,125.706,1/13/2019,14:55:00,Cash,119.72,4.761904762,5.986,
503-21-4385,B,Mumbai,Member,Male,Health and beauty,39.91,3.0,5.9865,125.7165,2/21/2019,12:40:00,Cash,119.73,4.761904762,5.9865,9.3
372-16-9929,C,Hyderabad,Member,Male,Sports and travel,17.14,7.0,5.999,125.979,1/16/2019,12:07:00,Cash,119.98,4.761904762,5.999,7.9
842-29-4695,C,Hyderabad,Member,Male,Sports and travel,17.14,7.0,5.999,125.979,1/16/2019,12:07:00,Credit card,119.98,4.761904762,5.999,7.9
945-13-7025,C,Hyderabad,Member,Male,Food and beverages,17.14,7.0,5.999,125.979,1/16/2019,12:07:00,Cash,119.98,4.761904762,5.999,7.9
148-82-2527,C,Hyderabad,Member,Female,Home and lifestyle,12.12,10.0,6.06,127.26,43588,13:44:00,Cash,121.2,4.761904762,6.06,8.4
744-83-7588,A,Delhi,Normal,Male,Sports and travel,60.87,2.0,6.087,127.827,43711,12:37:00,Ewallet,121.74,4.761904762,6.087,8.7
816-57-2053,C,Delhi,Normal,Male,Sports and travel,60.87,2.0,6.087,127.827,43711,12:37:00,Cash,121.74,4.761904762,6.087,8.7
261-12-8671,B,Mumbai,Normal,Female,Fashion accessories,60.96,2.0,6.096,128.016,1/25/2019,19:39:00,Credit card,121.92,4.761904762,6.096,4.9
929-56-2304,B,Mumbai,Normal,Male,Food and beverages,60.96,2.0,6.096,128.016,1/25/2019,19:39:00,Credit card,121.92,4.761904762,6.096,4.9
760-54-1821,C,Mumbai,Normal,Male,Home and lifestyle,13.59,9.0,6.1155,128.4255,3/15/2019,10:26:00,Cash,122.31,4.761904762,6.1155,5.8
760-53-9233,A,Mumbai,Member,Male,Fashion accessories,41.28,3.0,6.192,130.032,3/26/2019,18:37:00,Cash,123.84,4.761904762,6.192,8.5
560-30-5617,B,Mumbai,Normal,Male,Sports and travel,24.77,5.0,6.1925,130.0425,3/24/2019,18:27:00,Cash,123.85,4.761904762,6.1925,8.5
268-20-3585,C,Hyderabad,Normal,Female,Health and beauty,13.85,9.0,6.2325,130.8825,43557,12:50:00,Ewallet,124.65,4.761904762,6.2325,6.0
482-19-4429,C,Hyderabad,Normal,Male,Fashion accessories,15.62,8.0,6.248,131.208,1/20/2019,20:37:00,Ewallet,124.96,4.761904762,6.248,9.1
760-27-5490,C,Hyderabad,Normal,Male,Fashion accessories,15.62,8.0,6.248,131.208,1/20/2019,20:37:00,Ewallet,124.96,4.761904762,6.248,9.1
101-81-4070,C,Mumbai,Member,Female,Health and beauty,62.82,2.0,6.282,131.922,1/17/2019,12:36:00,Cash,125.64,4.761904762,6.282,4.9
133-14-7229,C,Hyderabad,Normal,Male,Health and beauty,62.87,2.0,6.287,132.027,43466,11:43:00,Cash,125.74,4.761904762,6.287,5.0
102-06-2002,C,Mumbai,Member,Male,Sports and travel,25.25,5.0,6.3125,132.5625,3/20/2019,17:52:00,Cash,126.25,4.761904762,6.3125,6.1
776-94-7101,C,Hyderabad,Member,Male,Sports and travel,25.25,5.0,6.3125,132.5625,3/20/2019,17:52:00,Cash,126.25,4.761904762,6.3125,6.1
290-86-6355,C,Hyderabad,Normal,Male,Electronic accessories,63.22,2.0,6.322,132.762,43466,15:51:00,Cash,126.44,4.761904762,6.322,8.5
556-97-7101,C,Hyderabad,Normal,Female,Electronic accessories,63.22,2.0,6.322,132.762,43466,15:51:00,Cash,126.44,4.761904762,6.322,8.5
399-79-5787,A,Hyderabad,Normal,Male,Electronic accessories,63.22,2.0,6.322,132.762,43466,15:51:00,Ewallet,126.44,4.761904762,6.322,8.5
830-58-2383,C,Mumbai,Normal,Male,Home and lifestyle,31.75,4.0,6.35,133.35,43679,15:26:00,Cash,127.0,4.761904762,6.35,8.6
435-73-8931,C,Hyderabad,Normal,Male,Food and beverages,31.77,4.0,6.354,133.434,1/14/2019,14:43:00,Cash,127.08,4.761904762,6.354,6.2
592-34-6155,C,Hyderabad,Normal,Male,Food and beverages,31.77,4.0,6.354,133.434,1/14/2019,14:43:00,Ewallet,127.08,4.761904762,6.354,6.2
603-52-4588,C,Hyderabad,Normal,Male,Food and beverages,31.77,4.0,6.354,133.434,1/14/2019,14:43:00,Cash,127.08,4.761904762,6.354,6.2
481-48-8213,B,Mumbai,Normal,Male,Food and beverages,18.22,7.0,6.377,133.917,43741,14:04:00,Credit card,127.54,4.761904762,6.377,6.6
596-42-3999,C,Mumbai,Normal,Male,Food and beverages,18.22,7.0,6.377,133.917,43741,14:04:00,Credit card,127.54,4.761904762,6.377,6.6
811-24-9153,C,Mumbai,Normal,Male,Food and beverages,18.22,7.0,6.377,133.917,43741,14:04:00,Credit card,127.54,4.761904762,6.377,
151-94-2797,B,Mumbai,Normal,Male,Sports and travel,42.97,3.0,6.4455,135.3555,43526,11:46:00,Cash,128.91,4.761904762,6.4455,9.3
322-02-2271,C,Mumbai,Normal,Female,Sports and travel,42.97,3.0,6.4455,135.3555,43526,11:46:00,Cash,128.91,4.761904762,6.4455,9.3
722-90-6691,C,Mumbai,Normal,Female,Sports and travel,42.97,3.0,6.4455,135.3555,43526,11:46:00,Cash,128.91,4.761904762,6.4455,9.3
151-16-1484,A,Mumbai,Member,Male,Electronic accessories,32.25,4.0,6.45,135.45,2/13/2019,12:38:00,Ewallet,129.0,4.761904762,6.45,6.5
728-92-0311,A,Delhi,Member,Male,Electronic accessories,32.25,4.0,6.45,135.45,2/13/2019,12:38:00,Ewallet,129.0,4.761904762,6.45,6.5
746-54-5508,A,Mumbai,Normal,Male,Home and lifestyle,21.52,6.0,6.456,135.576,1/17/2019,12:48:00,Credit card,129.12,4.761904762,6.456,9.4
767-97-4650,C,Mumbai,Member,Female,Sports and travel,64.83,2.0,6.483,136.143,43678,11:59:00,Credit card,129.66,4.761904762,6.483,8.0
777-80-8729,B,Mumbai,Member,Male,Sports and travel,64.83,2.0,6.483,136.143,43678,11:59:00,Credit card,129.66,4.761904762,6.483,8.0
110-48-7033,B,Mumbai,Member,Male,Fashion accessories,32.62,4.0,6.524,137.004,1/29/2019,14:12:00,Cash,130.48,4.761904762,6.524,9.0
157-78-2667,C,Hyderabad,Member,Male,Food and beverages,65.65,2.0,6.565,137.865,1/17/2019,16:46:00,Cash,131.3,4.761904762,6.565,6.0
200-16-5952,C,Mumbai,Member,Male,Food and beverages,65.65,2.0,6.565,137.865,1/17/2019,16:46:00,Cash,131.3,4.761904762,6.565,6.0
700-81-1757,A,Delhi,Normal,Male,Electronic accessories,26.31,5.0,6.5775,138.1275,1/18/2019,20:59:00,Credit card,131.55,4.761904762,6.5775,8.8
893-92-0803,A,Mumbai,Normal,Male,Food and beverages,26.31,5.0,6.5775,138.1275,1/18/2019,20:59:00,Credit card,131.55,4.761904762,6.5775,8.8
744-09-5786,C,Mumbai,Normal,Male,Electronic accessories,22.01,6.0,6.603,138.663,43497,18:50:00,Cash,132.06,4.761904762,6.603,7.6
921-23-8893,B,Mumbai,Normal,Male,Food and beverages,22.01,6.0,6.603,138.663,43497,18:50:00,Cash,132.06,4.761904762,6.603,7.6
776-68-1096,B,Mumbai,Normal,Male,Home and lifestyle,44.12,3.0,6.618,138.978,3/18/2019,13:45:00,Credit card,132.36,4.761904762,6.618,7.9
399-69-4630,C,Hyderabad,Normal,Male,Electronic accessories,22.21,6.0,6.663,139.923,43649,10:23:00,Cash,133.26,4.761904762,6.663,8.6
428-80-8087,C,Hyderabad,Normal,Male,Electronic accessories,22.21,6.0,6.663,139.923,43649,10:23:00,Cash,133.26,4.761904762,6.663,8.6
196-32-6798,C,Hyderabad,Normal,Male,Electronic accessories,22.21,6.0,6.663,139.923,43649,10:23:00,Cash,133.26,4.761904762,6.663,8.6
124-67-7661,C,Hyderabad,Normal,Male,Electronic accessories,22.21,6.0,6.663,139.923,43649,10:23:00,Cash,133.26,4.761904762,6.663,8.6
301-11-9629,C,Delhi,Normal,Female,Sports and travel,19.1,7.0,6.685,140.385,1/15/2019,10:43:00,Cash,133.7,4.761904762,6.685,9.7
318-59-2933,A,Delhi,Normal,Male,Sports and travel,19.1,7.0,6.685,140.385,1/15/2019,10:43:00,Cash,133.7,4.761904762,6.685,9.7
308-50-1652,A,Delhi,Normal,Female,Sports and travel,19.1,7.0,6.685,140.385,1/15/2019,10:43:00,Cash,133.7,4.761904762,6.685,9.7
625-76-0714,A,Delhi,Normal,Male,Sports and travel,19.1,7.0,6.685,140.385,1/15/2019,10:43:00,Cash,133.7,4.761904762,6.685,9.7
150-89-8043,A,Mumbai,Normal,Male,Sports and travel,44.65,3.0,6.6975,140.6475,2/14/2019,15:04:00,Cash,133.95,4.761904762,6.6975,6.2
400-45-1220,B,Mumbai,Normal,Female,Health and beauty,13.5,10.0,6.75,141.75,2/27/2019,11:06:00,Cash,135.0,4.761904762,6.75,4.8
930-12-9311,C,Mumbai,Normal,Male,Health and beauty,13.5,10.0,6.75,141.75,2/27/2019,11:06:00,Cash,135.0,4.761904762,6.75,4.8
134-75-2619,C,Delhi,Member,Male,Electronic accessories,19.32,7.0,6.762,142.002,3/25/2019,18:51:00,Cash,135.24,4.761904762,6.762,6.9
192-91-2002,A,Delhi,Member,Male,Electronic accessories,19.32,7.0,6.762,142.002,3/25/2019,18:51:00,Cash,135.24,4.761904762,6.762,6.9
574-97-5784,A,Delhi,Normal,Male,Fashion accessories,45.38,3.0,6.807,142.947,2/17/2019,13:34:00,Credit card,136.14,4.761904762,6.807,7.2
788-21-5741,C,Delhi,Normal,Male,Fashion accessories,45.38,3.0,6.807,142.947,2/17/2019,13:34:00,Credit card,136.14,4.761904762,6.807,7.2
585-86-8361,A,Mumbai,Normal,Female,Food and beverages,27.28,5.0,6.82,143.22,43526,10:31:00,Credit card,136.4,4.761904762,6.82,8.6
894-48-5508,A,Mumbai,Normal,Male,Food and beverages,27.28,5.0,6.82,143.22,43526,10:31:00,Credit card,136.4,4.761904762,6.82,8.6
247-32-1577,B,Mumbai,Normal,Male,Electronic accessories,45.71,3.0,6.8565,143.9865,3/26/2019,10:34:00,Credit card,137.13,4.761904762,6.8565,7.7
734-91-1155,C,Mumbai,Normal,Female,Electronic accessories,45.71,3.0,6.8565,143.9865,3/26/2019,10:34:00,Cash,137.13,4.761904762,6.8565,7.7
357-74-7437,C,Hyderabad,Normal,Male,Fashion accessories,45.74,3.0,6.861,144.081,43741,17:38:00,Cash,137.22,4.761904762,6.861,6.5
453-12-7053,C,Hyderabad,Normal,Male,Fashion accessories,45.74,3.0,6.861,144.081,43741,17:38:00,Credit card,137.22,4.761904762,6.861,6.5
168-31-9704,C,Hyderabad,Normal,Male,Food and beverages,45.74,3.0,6.861,144.081,43741,17:38:00,Cash,137.22,4.761904762,6.861,6.5
499-15-2322,B,Mumbai,Normal,Male,Sports and travel,23.01,6.0,6.903,144.963,43800,16:45:00,Ewallet,138.06,4.761904762,6.903,7.9
751-15-6198,B,Mumbai,Normal,Male,Sports and travel,23.01,6.0,6.903,144.963,43800,16:45:00,Cash,138.06,4.761904762,6.903,7.9
286-75-7818,C,Mumbai,Normal,Male,Fashion accessories,69.08,2.0,6.908,145.068,1/31/2019,19:48:00,Cash,138.16,4.761904762,6.908,6.9
868-77-7172,B,Mumbai,Normal,Male,Food and beverages,69.08,2.0,6.908,145.068,1/31/2019,19:48:00,Credit card,138.16,4.761904762,6.908,6.9
438-66-9253,A,Mumbai,Normal,Male,Food and beverages,69.08,2.0,6.908,145.068,1/31/2019,19:48:00,Ewallet,138.16,4.761904762,6.908,6.9
116-20-5701,B,Mumbai,Member,Male,Sports and travel,23.08,6.0,6.924,145.404,1/24/2019,19:20:00,Ewallet,138.48,4.761904762,6.924,4.9
510-79-0415,C,Mumbai,Member,Female,Sports and travel,23.08,6.0,6.924,145.404,1/24/2019,19:20:00,Ewallet,138.48,4.761904762,6.924,4.9
595-94-9924,A,Mumbai,Member,Female,Health and beauty,27.73,5.0,6.9325,145.5825,3/26/2019,20:21:00,Cash,138.65,4.761904762,6.9325,4.2
965-88-1267,A,Mumbai,Member,Female,Health and beauty,27.73,5.0,6.9325,145.5825,3/26/2019,20:21:00,Cash,138.65,4.761904762,6.9325,
181-94-6432,C,Mumbai,Normal,Male,Fashion accessories,69.33,2.0,6.933,145.593,43587,19:05:00,Ewallet,138.66,4.761904762,6.933,9.7
620-02-2046,C,Hyderabad,Normal,Male,Home and lifestyle,69.4,2.0,6.94,145.74,1/27/2019,19:48:00,Cash,138.8,4.761904762,6.94,9.0
451-24-1825,C,Hyderabad,Normal,Male,Home and lifestyle,69.4,2.0,6.94,145.74,1/27/2019,19:48:00,Cash,138.8,4.761904762,6.94,
207-73-1363,C,Mumbai,Normal,Male,Health and beauty,69.51,2.0,6.951,145.971,43468,12:15:00,Ewallet,139.02,4.761904762,6.951,8.1
656-16-1063,B,Mumbai,Normal,Male,Sports and travel,46.42,3.0,6.963,146.223,43556,13:24:00,Credit card,139.26,4.761904762,6.963,4.4
363-16-8216,B,Hyderabad,Normal,Male,Sports and travel,46.42,3.0,6.963,146.223,43556,13:24:00,Credit card,139.26,4.761904762,6.963,
695-51-0018,B,Mumbai,Normal,Male,Sports and travel,34.84,4.0,6.968,146.328,43740,18:36:00,Cash,139.36,4.761904762,6.968,7.4
356-45-4621,A,Delhi,Member,Male,Sports and travel,27.93,5.0,6.9825,146.6325,1/29/2019,15:48:00,Cash,139.65,4.761904762,6.9825,5.9
816-72-8853,C,Delhi,Member,Female,Sports and travel,27.93,5.0,6.9825,146.6325,1/29/2019,15:48:00,Cash,139.65,4.761904762,6.9825,5.9
790-84-4083,C,Delhi,Member,Male,Food and beverages,27.93,5.0,6.9825,146.6325,1/29/2019,15:48:00,Cash,139.65,4.761904762,6.9825,5.9
423-64-4619,A,Mumbai,Normal,Female,Health and beauty,15.55,9.0,6.9975,146.9475,43649,13:12:00,Cash,139.95,4.761904762,6.9975,5.0
344-33-3154,C,Mumbai,Normal,Male,Health and beauty,15.55,9.0,6.9975,146.9475,43649,13:12:00,Cash,139.95,4.761904762,6.9975,5.0
334-64-2006,C,Delhi,Member,Female,Home and lifestyle,70.32,2.0,7.032,147.672,3/24/2019,14:22:00,Cash,140.64,4.761904762,7.032,9.6
526-48-8142,C,Delhi,Member,Female,Food and beverages,70.32,2.0,7.032,147.672,3/24/2019,14:22:00,Cash,140.64,4.761904762,7.032,9.6
249-55-8702,A,Delhi,Normal,Male,Electronic accessories,23.46,6.0,7.038,147.798,1/13/2019,19:14:00,Ewallet,140.76,4.761904762,7.038,6.4
459-50-7686,C,Delhi,Normal,Female,Electronic accessories,23.46,6.0,7.038,147.798,1/13/2019,19:14:00,Ewallet,140.76,4.761904762,7.038,6.4
892-05-6689,C,Mumbai,Normal,Female,Food and beverages,28.32,5.0,7.08,148.68,43772,13:28:00,Ewallet,141.6,4.761904762,7.08,6.2
808-65-0703,C,Mumbai,Normal,Male,Home and lifestyle,35.47,4.0,7.094,148.974,3/14/2019,17:22:00,Credit card,141.88,4.761904762,7.094,6.9
715-20-1673,B,Mumbai,Normal,Male,Electronic accessories,28.38,5.0,7.095,148.995,43619,20:57:00,Cash,141.9,4.761904762,7.095,9.4
922-90-2399,B,Mumbai,Normal,Male,Food and beverages,28.38,5.0,7.095,148.995,43619,20:57:00,Cash,141.9,4.761904762,7.095,9.4
527-09-6272,A,Mumbai,Normal,Female,Electronic accessories,28.45,5.0,7.1125,149.3625,3/21/2019,10:17:00,Credit card,142.25,4.761904762,7.1125,9.1
826-68-2017,A,Delhi,Member,Male,Electronic accessories,28.45,5.0,7.1125,149.3625,3/21/2019,10:17:00,Credit card,142.25,4.761904762,7.1125,9.1
166-75-6386,C,Hyderabad,Normal,Male,Electronic accessories,47.65,3.0,7.1475,150.0975,3/28/2019,12:58:00,Credit card,142.95,4.761904762,7.1475,9.5
633-09-3463,C,Mumbai,Normal,Female,Electronic accessories,47.65,3.0,7.1475,150.0975,3/28/2019,12:58:00,Credit card,142.95,4.761904762,7.1475,9.5
955-35-4564,C,Hyderabad,Normal,Female,Electronic accessories,47.65,3.0,7.1475,150.0975,3/28/2019,12:58:00,Credit card,142.95,4.761904762,7.1475,
373-14-0504,A,Mumbai,Member,Female,Sports and travel,71.63,2.0,7.163,150.423,43801,14:33:00,Cash,143.26,4.761904762,7.163,8.8
460-32-8446,A,Delhi,Member,Male,Sports and travel,71.63,2.0,7.163,150.423,43801,14:33:00,Ewallet,143.26,4.761904762,7.163,8.8
596-85-7719,C,Mumbai,Member,Female,Food and beverages,71.63,2.0,7.163,150.423,43801,14:33:00,Cash,143.26,4.761904762,7.163,8.8
110-37-6551,C,Hyderabad,Normal,Male,Sports and travel,14.36,10.0,7.18,150.78,1/27/2019,14:28:00,Cash,143.6,4.761904762,7.18,5.4
613-59-9758,C,Mumbai,Normal,Female,Sports and travel,14.36,10.0,7.18,150.78,1/27/2019,14:28:00,Cash,143.6,4.761904762,7.18,5.4
329-82-8993,C,Mumbai,Normal,Female,Sports and travel,14.36,10.0,7.18,150.78,1/27/2019,14:28:00,Cash,143.6,4.761904762,7.18,
198-66-9832,C,Mumbai,Member,Female,Fashion accessories,72.04,2.0,7.204,151.284,43557,19:38:00,Cash,144.08,4.761904762,7.204,9.5
733-46-6542,B,Mumbai,Member,Male,Fashion accessories,72.04,2.0,7.204,151.284,43557,19:38:00,Cash,144.08,4.761904762,7.204,9.5
378-07-7001,B,Mumbai,Normal,Male,Electronic accessories,48.09,3.0,7.2135,151.4835,43740,18:23:00,Cash,144.27,4.761904762,7.2135,7.8
752-18-3113,B,Mumbai,Member,Male,Electronic accessories,48.09,3.0,7.2135,151.4835,43740,18:23:00,Credit card,144.27,4.761904762,7.2135,7.8
270-60-8045,C,Mumbai,Normal,Male,Food and beverages,48.09,3.0,7.2135,151.4835,43740,18:23:00,Cash,144.27,4.761904762,7.2135,7.8
120-54-2248,B,Mumbai,Normal,Female,Food and beverages,28.86,5.0,7.215,151.515,1/22/2019,18:08:00,Credit card,144.3,4.761904762,7.215,8.0
491-68-4982,B,Mumbai,Normal,Male,Food and beverages,28.86,5.0,7.215,151.515,1/22/2019,18:08:00,Credit card,144.3,4.761904762,7.215,8.0
355-34-6244,C,Mumbai,Normal,Male,Food and beverages,72.39,2.0,7.239,152.019,1/13/2019,19:55:00,Cash,144.78,4.761904762,7.239,8.1
669-83-1048,B,Mumbai,Normal,Male,Food and beverages,72.39,2.0,7.239,152.019,1/13/2019,19:55:00,Credit card,144.78,4.761904762,7.239,8.1
826-50-2389,C,Mumbai,Normal,Male,Food and beverages,72.39,2.0,7.239,152.019,1/13/2019,19:55:00,Cash,144.78,4.761904762,7.239,8.1
254-36-7196,B,Hyderabad,Normal,Male,Food and beverages,72.39,2.0,7.239,152.019,1/13/2019,19:55:00,Credit card,144.78,4.761904762,7.239,
340-66-0321,A,Mumbai,Normal,Male,Electronic accessories,36.36,4.0,7.272,152.712,3/25/2019,13:07:00,Cash,145.44,4.761904762,7.272,7.6
397-51-8516,A,Delhi,Member,Male,Electronic accessories,36.36,4.0,7.272,152.712,3/25/2019,13:07:00,Cash,145.44,4.761904762,7.272,7.6
981-25-6319,A,Mumbai,Normal,Male,Food and beverages,36.36,4.0,7.272,152.712,3/25/2019,13:07:00,Cash,145.44,4.761904762,7.272,7.6
448-61-3212,C,Delhi,Member,Male,Electronic accessories,36.36,4.0,7.272,152.712,3/25/2019,13:07:00,Cash,145.44,4.761904762,7.272,7.6
387-49-4215,C,Mumbai,Member,Female,Sports and travel,48.5,3.0,7.275,152.775,43678,12:50:00,Cash,145.5,4.761904762,7.275,6.7
558-47-2286,B,Mumbai,Member,Male,Sports and travel,48.5,3.0,7.275,152.775,43678,12:50:00,Cash,145.5,4.761904762,7.275,6.7
691-72-3196,C,Mumbai,Member,Male,Sports and travel,48.5,3.0,7.275,152.775,43678,12:50:00,Cash,145.5,4.761904762,7.275,6.7
168-44-9886,B,Mumbai,Member,Female,Food and beverages,48.52,3.0,7.278,152.838,43588,18:17:00,Ewallet,145.56,4.761904762,7.278,4.0
510-95-6347,B,Mumbai,Member,Male,Food and beverages,48.52,3.0,7.278,152.838,43588,18:17:00,Ewallet,145.56,4.761904762,7.278,4.0
173-57-2300,C,Hyderabad,Member,Male,Sports and travel,72.88,2.0,7.288,153.048,3/13/2019,12:51:00,Cash,145.76,4.761904762,7.288,6.1
648-73-9357,C,Hyderabad,Member,Male,Sports and travel,72.88,2.0,7.288,153.048,3/13/2019,12:51:00,Cash,145.76,4.761904762,7.288,6.1
885-19-1416,C,Hyderabad,Member,Male,Sports and travel,72.88,2.0,7.288,153.048,3/13/2019,12:51:00,Cash,145.76,4.761904762,7.288,
153-77-6188,C,Hyderabad,Normal,Female,Food and beverages,16.31,9.0,7.3395,154.1295,3/26/2019,10:31:00,Ewallet,146.79,4.761904762,7.3395,8.4
236-27-1144,C,Hyderabad,Normal,Female,Food and beverages,16.31,9.0,7.3395,154.1295,3/26/2019,10:31:00,Ewallet,146.79,4.761904762,7.3395,8.4
437-58-8131,B,Mumbai,Normal,Male,Fashion accessories,73.52,2.0,7.352,154.392,1/15/2019,13:41:00,Cash,147.04,4.761904762,7.352,4.6
599-29-6955,C,Mumbai,Normal,Male,Fashion accessories,73.52,2.0,7.352,154.392,1/15/2019,13:41:00,Cash,147.04,4.761904762,7.352,4.6
586-47-7591,B,Mumbai,Member,Male,Fashion accessories,29.56,5.0,7.39,155.19,2/13/2019,16:59:00,Cash,147.8,4.761904762,7.39,6.9
767-54-1907,C,Mumbai,Member,Female,Fashion accessories,29.56,5.0,7.39,155.19,2/13/2019,16:59:00,Cash,147.8,4.761904762,7.39,6.9
365-24-4797,C,Hyderabad,Member,Male,Electronic accessories,37.06,4.0,7.412,155.652,1/31/2019,16:24:00,Cash,148.24,4.761904762,7.412,9.7
583-72-1480,C,Hyderabad,Member,Male,Electronic accessories,37.06,4.0,7.412,155.652,1/31/2019,16:24:00,Ewallet,148.24,4.761904762,7.412,9.7
906-93-5636,C,Hyderabad,Member,Male,Food and beverages,37.06,4.0,7.412,155.652,1/31/2019,16:24:00,Cash,148.24,4.761904762,7.412,9.7
316-52-7353,A,Delhi,Normal,Male,Fashion accessories,37.15,4.0,7.43,156.03,3/23/2019,18:59:00,Cash,148.6,4.761904762,7.43,8.3
795-49-7276,C,Delhi,Normal,Male,Fashion accessories,37.15,4.0,7.43,156.03,3/23/2019,18:59:00,Ewallet,148.6,4.761904762,7.43,8.3
443-51-3859,A,Delhi,Normal,Male,Fashion accessories,37.15,4.0,7.43,156.03,3/23/2019,18:59:00,Cash,148.6,4.761904762,7.43,8.3
287-83-1405,C,Delhi,Normal,Male,Health and beauty,25.43,6.0,7.629,160.209,43801,19:01:00,Cash,152.58,4.761904762,7.629,7.0
293-32-5996,A,Delhi,Normal,Male,Food and beverages,25.43,6.0,7.629,160.209,43801,19:01:00,Ewallet,152.58,4.761904762,7.629,7.0
423-80-0988,C,Hyderabad,Normal,Male,Sports and travel,76.4,2.0,7.64,160.44,1/30/2019,19:42:00,Cash,152.8,4.761904762,7.64,6.5
998-32-4758,C,Hyderabad,Normal,Male,Sports and travel,76.4,2.0,7.64,160.44,1/30/2019,19:42:00,Cash,152.8,4.761904762,7.64,6.5
655-85-5130,B,Mumbai,Member,Male,Fashion accessories,38.3,4.0,7.66,160.86,3/13/2019,19:22:00,Cash,153.2,4.761904762,7.66,5.7
697-56-3157,B,Hyderabad,Member,Male,Fashion accessories,38.3,4.0,7.66,160.86,3/13/2019,19:22:00,Cash,153.2,4.761904762,7.66,
873-51-0671,A,Mumbai,Member,Male,Food and beverages,21.98,7.0,7.693,161.553,43739,16:42:00,Ewallet,153.86,4.761904762,7.693,5.1
480-63-2856,C,Hyderabad,Normal,Male,Food and beverages,19.25,8.0,7.7,161.7,1/23/2019,18:37:00,Ewallet,154.0,4.761904762,7.7,6.6
550-39-2261,C,Hyderabad,Normal,Male,Food and beverages,19.25,8.0,7.7,161.7,1/23/2019,18:37:00,Ewallet,154.0,4.761904762,7.7,6.6
851-28-6367,A,Delhi,Member,Male,Food and beverages,15.5,10.0,7.75,162.75,3/23/2019,10:55:00,Ewallet,155.0,4.761904762,7.75,8.0
701-23-5550,C,Mumbai,Member,Male,Home and lifestyle,38.81,4.0,7.762,163.002,3/19/2019,13:40:00,Ewallet,155.24,4.761904762,7.762,4.9
729-09-9681,A,Mumbai,Member,Male,Home and lifestyle,25.91,6.0,7.773,163.233,43587,10:16:00,Ewallet,155.46,4.761904762,7.773,8.7
497-36-0989,A,Mumbai,Normal,Male,Fashion accessories,51.94,3.0,7.791,163.611,2/15/2019,15:21:00,Cash,155.82,4.761904762,7.791,7.9
152-68-2907,C,Delhi,Normal,Male,Food and beverages,52.2,3.0,7.83,164.43,2/15/2019,13:30:00,Cash,156.6,4.761904762,7.83,9.5
319-71-1429,A,Delhi,Normal,Male,Food and beverages,52.2,3.0,7.83,164.43,2/15/2019,13:30:00,Cash,156.6,4.761904762,7.83,9.5
986-23-2668,A,Delhi,Normal,Male,Food and beverages,52.2,3.0,7.83,164.43,2/15/2019,13:30:00,Cash,156.6,4.761904762,7.83,9.5
286-62-6248,C,Mumbai,Normal,Male,Fashion accessories,39.21,4.0,7.842,164.682,1/16/2019,20:03:00,Cash,156.84,4.761904762,7.842,9.0
369-67-6901,B,Mumbai,Normal,Male,Fashion accessories,39.21,4.0,7.842,164.682,1/16/2019,20:03:00,Cash,156.84,4.761904762,7.842,9.0
902-30-7682,A,Mumbai,Normal,Male,Food and beverages,39.21,4.0,7.842,164.682,1/16/2019,20:03:00,Ewallet,156.84,4.761904762,7.842,9.0
284-16-7974,C,Mumbai,Normal,Male,Food and beverages,39.21,4.0,7.842,164.682,1/16/2019,20:03:00,Cash,156.84,4.761904762,7.842,9.0
278-86-2735,C,Delhi,Normal,Female,Food and beverages,52.34,3.0,7.851,164.871,3/27/2019,14:03:00,Cash,157.02,4.761904762,7.851,9.2
827-39-2001,A,Delhi,Normal,Female,Food and beverages,52.34,3.0,7.851,164.871,3/27/2019,14:03:00,Cash,157.02,4.761904762,7.851,9.2
676-61-4491,A,Delhi,Normal,Female,Food and beverages,52.34,3.0,7.851,164.871,3/27/2019,14:03:00,Ewallet,157.02,4.761904762,7.851,9.2
665-63-9737,C,Mumbai,Normal,Male,Fashion accessories,52.42,3.0,7.863,165.123,2/27/2019,17:36:00,Cash,157.26,4.761904762,7.863,7.5
924-22-9876,B,Mumbai,Normal,Male,Food and beverages,52.42,3.0,7.863,165.123,2/27/2019,17:36:00,Ewallet,157.26,4.761904762,7.863,7.5
464-18-8322,C,Hyderabad,Normal,Male,Fashion accessories,52.42,3.0,7.863,165.123,2/27/2019,17:36:00,Cash,157.26,4.761904762,7.863,
139-52-2867,C,Hyderabad,Normal,Male,Fashion accessories,22.51,7.0,7.8785,165.4485,2/13/2019,10:50:00,Credit card,157.57,4.761904762,7.8785,4.8
135-13-8269,C,Mumbai,Member,Female,Food and beverages,78.88,2.0,7.888,165.648,1/26/2019,16:04:00,Cash,157.76,4.761904762,7.888,9.1
345-92-3004,B,Mumbai,Member,Female,Food and beverages,78.88,2.0,7.888,165.648,1/26/2019,16:04:00,Cash,157.76,4.761904762,7.888,9.1
850-56-2725,B,Mumbai,Member,Female,Food and beverages,78.88,2.0,7.888,165.648,1/26/2019,16:04:00,Cash,157.76,4.761904762,7.888,9.1
867-47-1948,C,Mumbai,Normal,Female,Food and beverages,15.8,10.0,7.9,165.9,43709,12:07:00,Cash,158.0,4.761904762,7.9,7.8
199-75-8169,A,Delhi,Member,Male,Sports and travel,15.81,10.0,7.905,166.005,43619,12:27:00,Credit card,158.1,4.761904762,7.905,8.6
773-96-8871,A,Delhi,Normal,Male,Food and beverages,52.75,3.0,7.9125,166.1625,3/23/2019,10:16:00,Ewallet,158.25,4.761904762,7.9125,9.3
865-92-6136,A,Mumbai,Normal,Male,Food and beverages,52.75,3.0,7.9125,166.1625,3/23/2019,10:16:00,Ewallet,158.25,4.761904762,7.9125,9.3
414-12-7047,B,Mumbai,Normal,Male,Food and beverages,19.79,8.0,7.916,166.236,1/18/2019,12:04:00,Cash,158.32,4.761904762,7.916,8.7
982-24-8731,A,Mumbai,Normal,Male,Food and beverages,19.79,8.0,7.916,166.236,1/18/2019,12:04:00,Ewallet,158.32,4.761904762,7.916,8.7
919-35-6098,C,Mumbai,Normal,Male,Food and beverages,19.79,8.0,7.916,166.236,1/18/2019,12:04:00,Cash,158.32,4.761904762,7.916,8.7
877-22-3308,A,Mumbai,Member,Male,Food and beverages,15.87,10.0,7.935,166.635,3/13/2019,16:40:00,Cash,158.7,4.761904762,7.935,5.8
186-71-5196,A,Mumbai,Member,Female,Food and beverages,79.54,2.0,7.954,167.034,3/27/2019,16:30:00,Cash,159.08,4.761904762,7.954,6.2
621-46-8241,A,Delhi,Member,Male,Food and beverages,79.54,2.0,7.954,167.034,3/27/2019,16:30:00,Ewallet,159.08,4.761904762,7.954,6.2
690-94-7178,A,Hyderabad,Member,Male,Food and beverages,79.54,2.0,7.954,167.034,3/27/2019,16:30:00,Ewallet,159.08,4.761904762,7.954,
518-71-6847,B,Mumbai,Member,Male,Food and beverages,26.6,6.0,7.98,167.58,2/26/2019,15:10:00,Cash,159.6,4.761904762,7.98,4.9
680-37-1324,B,Mumbai,Member,Male,Food and beverages,26.6,6.0,7.98,167.58,2/26/2019,15:10:00,Ewallet,159.6,4.761904762,7.98,4.9
535-87-2043,B,Mumbai,Member,Male,Food and beverages,26.6,6.0,7.98,167.58,2/26/2019,15:10:00,Ewallet,159.6,4.761904762,7.98,
856-66-2701,C,Delhi,Member,Male,Food and beverages,53.3,3.0,7.995,167.895,1/25/2019,14:19:00,Cash,159.9,4.761904762,7.995,7.5
340-21-9136,C,Delhi,Member,Female,Sports and travel,40.05,4.0,8.01,168.21,1/25/2019,11:40:00,Cash,160.2,4.761904762,8.01,9.7
975-36-8245,A,Mumbai,Member,Male,Food and beverages,40.05,4.0,8.01,168.21,1/25/2019,11:40:00,Cash,160.2,4.761904762,8.01,9.7
247-84-2742,C,Delhi,Member,Female,Food and beverages,40.05,4.0,8.01,168.21,1/25/2019,11:40:00,Cash,160.2,4.761904762,8.01,9.7
870-54-3162,A,Mumbai,Normal,Male,Food and beverages,32.25,5.0,8.0625,169.3125,1/27/2019,13:26:00,Cash,161.25,4.761904762,8.0625,9.0
289-65-5721,B,Mumbai,Normal,Male,Fashion accessories,81.37,2.0,8.137,170.877,1/26/2019,19:28:00,Cash,162.74,4.761904762,8.137,6.5
641-50-7456,A,Mumbai,Normal,Male,Food and beverages,81.37,2.0,8.137,170.877,1/26/2019,19:28:00,Ewallet,162.74,4.761904762,8.137,6.5
548-56-3341,A,Delhi,Normal,Male,Electronic accessories,32.71,5.0,8.1775,171.7275,3/19/2019,11:30:00,Credit card,163.55,4.761904762,8.1775,9.9
831-07-6050,A,Delhi,Normal,Male,Electronic accessories,32.71,5.0,8.1775,171.7275,3/19/2019,11:30:00,Credit card,163.55,4.761904762,8.1775,9.9
848-42-2560,A,Mumbai,Normal,Female,Food and beverages,81.91,2.0,8.191,172.011,43588,17:43:00,Cash,163.82,4.761904762,8.191,7.8
329-62-1586,A,Delhi,Normal,Male,Food and beverages,54.67,3.0,8.2005,172.2105,1/21/2019,18:00:00,Cash,164.01,4.761904762,8.2005,8.6
777-11-4609,A,Delhi,Normal,Male,Food and beverages,54.67,3.0,8.2005,172.2105,1/21/2019,18:00:00,Credit card,164.01,4.761904762,8.2005,8.6
349-69-2778,A,Delhi,Normal,Male,Food and beverages,54.67,3.0,8.2005,172.2105,1/21/2019,18:00:00,Cash,164.01,4.761904762,8.2005,8.6
628-34-3388,C,Hyderabad,Normal,Male,Fashion accessories,27.38,6.0,8.214,172.494,43586,20:54:00,Credit card,164.28,4.761904762,8.214,7.9
900-76-8911,C,Hyderabad,Normal,Male,Fashion accessories,27.38,6.0,8.214,172.494,43586,20:54:00,Credit card,164.28,4.761904762,8.214,
444-88-6781,B,Mumbai,Member,Female,Food and beverages,54.84,3.0,8.226,172.746,2/20/2019,13:27:00,Cash,164.52,4.761904762,8.226,5.9
692-92-5582,B,Mumbai,Normal,Male,Food and beverages,54.84,3.0,8.226,172.746,2/20/2019,13:27:00,Credit card,164.52,4.761904762,8.226,5.9
238-60-7047,C,Mumbai,Normal,Female,Food and beverages,54.84,3.0,8.226,172.746,2/20/2019,13:27:00,Cash,164.52,4.761904762,8.226,5.9
272-27-9238,C,Mumbai,Normal,Female,Food and beverages,41.24,4.0,8.248,173.208,2/19/2019,16:23:00,Cash,164.96,4.761904762,8.248,7.1
480-20-1966,C,Hyderabad,Normal,Female,Food and beverages,41.24,4.0,8.248,173.208,2/19/2019,16:23:00,Cash,164.96,4.761904762,8.248,7.1
699-01-4164,C,Hyderabad,Normal,Male,Health and beauty,41.5,4.0,8.3,174.3,43802,19:58:00,Credit card,166.0,4.761904762,8.3,8.2
330-62-9257,A,Delhi,Normal,Male,Sports and travel,33.26,5.0,8.315,174.615,3/18/2019,16:10:00,Cash,166.3,4.761904762,8.315,4.2
485-30-8700,C,Delhi,Normal,Female,Sports and travel,33.26,5.0,8.315,174.615,3/18/2019,16:10:00,Credit card,166.3,4.761904762,8.315,4.2
925-46-3325,A,Delhi,Normal,Male,Sports and travel,33.26,5.0,8.315,174.615,3/18/2019,16:10:00,Cash,166.3,4.761904762,8.315,4.2
548-48-3156,A,Mumbai,Member,Female,Food and beverages,83.34,2.0,8.334,175.014,3/19/2019,13:37:00,Cash,166.68,4.761904762,8.334,7.6
782-18-3527,A,Delhi,Member,Male,Food and beverages,83.34,2.0,8.334,175.014,3/19/2019,13:37:00,Cash,166.68,4.761904762,8.334,7.6
756-93-1854,C,Hyderabad,Member,Female,Fashion accessories,83.35,2.0,8.335,175.035,43498,14:05:00,Cash,166.7,4.761904762,8.335,9.5
442-44-6497,C,Mumbai,Member,Male,Home and lifestyle,55.57,3.0,8.3355,175.0455,43678,11:42:00,Cash,166.71,4.761904762,8.3355,5.9
873-13-8404,C,Mumbai,Normal,Male,Home and lifestyle,55.57,3.0,8.3355,175.0455,43678,11:42:00,Cash,166.71,4.761904762,8.3355,5.9
733-33-4967,C,Hyderabad,Normal,Male,Electronic accessories,20.85,8.0,8.34,175.14,43527,19:17:00,Cash,166.8,4.761904762,8.34,6.3
751-33-7692,C,Hyderabad,Normal,Male,Electronic accessories,20.85,8.0,8.34,175.14,43527,19:17:00,Cash,166.8,4.761904762,8.34,6.3
181-44-3790,B,Mumbai,Member,Male,Fashion accessories,83.77,2.0,8.377,175.917,2/24/2019,19:57:00,Cash,167.54,4.761904762,8.377,4.6
242-11-3142,C,Mumbai,Member,Male,Fashion accessories,83.77,2.0,8.377,175.917,2/24/2019,19:57:00,Cash,167.54,4.761904762,8.377,4.6
537-59-1321,A,Delhi,Member,Male,Food and beverages,83.77,2.0,8.377,175.917,1/15/2019,10:54:00,Credit card,167.54,4.761904762,8.377,7.0
589-02-8023,C,Delhi,Member,Male,Food and beverages,83.77,2.0,8.377,175.917,1/15/2019,10:54:00,Cash,167.54,4.761904762,8.377,7.0
635-28-5728,A,Mumbai,Normal,Male,Health and beauty,56.0,3.0,8.4,176.4,2/28/2019,19:33:00,Ewallet,168.0,4.761904762,8.4,4.8
395-57-4707,A,Hyderabad,Normal,Male,Health and beauty,56.0,3.0,8.4,176.4,2/28/2019,19:33:00,Ewallet,168.0,4.761904762,8.4,
639-45-1126,C,Hyderabad,Member,Male,Electronic accessories,84.25,2.0,8.425,176.925,3/26/2019,14:13:00,Credit card,168.5,4.761904762,8.425,5.3
859-97-6048,C,Mumbai,Member,Male,Food and beverages,84.25,2.0,8.425,176.925,3/26/2019,14:13:00,Cash,168.5,4.761904762,8.425,5.3
830-17-8013,C,Hyderabad,Member,Male,Electronic accessories,84.25,2.0,8.425,176.925,3/26/2019,14:13:00,Credit card,168.5,4.761904762,8.425,
389-51-3301,B,Mumbai,Normal,Male,Food and beverages,21.12,8.0,8.448,177.408,43466,19:31:00,Cash,168.96,4.761904762,8.448,6.3
770-42-8960,B,Mumbai,Normal,Male,Food and beverages,21.12,8.0,8.448,177.408,43466,19:31:00,Cash,168.96,4.761904762,8.448,6.3
471-38-6979,C,Mumbai,Normal,Male,Food and beverages,21.12,8.0,8.448,177.408,43466,19:31:00,Cash,168.96,4.761904762,8.448,6.3
788-07-8452,C,Hyderabad,Member,Female,Home and lifestyle,24.24,7.0,8.484,178.164,1/27/2019,17:38:00,Cash,169.68,4.761904762,8.484,9.4
508-42-9004,B,Mumbai,Normal,Male,Fashion accessories,57.27,3.0,8.5905,180.4005,43710,20:31:00,Cash,171.81,4.761904762,8.5905,6.5
747-58-7183,C,Mumbai,Normal,Male,Fashion accessories,57.27,3.0,8.5905,180.4005,43710,20:31:00,Ewallet,171.81,4.761904762,8.5905,6.5
205-69-9843,B,Mumbai,Normal,Male,Electronic accessories,43.0,4.0,8.6,180.6,1/31/2019,20:48:00,Ewallet,172.0,4.761904762,8.6,7.6
834-45-5519,C,Mumbai,Normal,Female,Electronic accessories,43.0,4.0,8.6,180.6,1/31/2019,20:48:00,Ewallet,172.0,4.761904762,8.6,7.6
790-29-1172,B,Mumbai,Normal,Male,Food and beverages,57.34,3.0,8.601,180.621,43741,18:59:00,Credit card,172.02,4.761904762,8.601,7.9
865-95-6973,B,Mumbai,Normal,Female,Food and beverages,57.34,3.0,8.601,180.621,43741,18:59:00,Credit card,172.02,4.761904762,8.601,7.9
744-82-9138,C,Mumbai,Normal,Male,Fashion accessories,86.13,2.0,8.613,180.873,43648,17:59:00,Cash,172.26,4.761904762,8.613,8.2
214-30-2776,B,Mumbai,Member,Female,Electronic accessories,34.49,5.0,8.6225,181.0725,43772,19:44:00,Cash,172.45,4.761904762,8.6225,9.0
534-22-2876,B,Mumbai,Member,Male,Electronic accessories,34.49,5.0,8.6225,181.0725,43772,19:44:00,Credit card,172.45,4.761904762,8.6225,9.0
636-48-8204,A,Delhi,Normal,Male,Electronic accessories,34.56,5.0,8.64,181.44,2/17/2019,11:15:00,Ewallet,172.8,4.761904762,8.64,9.9
955-39-2246,A,Mumbai,Normal,Male,Food and beverages,34.56,5.0,8.64,181.44,2/17/2019,11:15:00,Ewallet,172.8,4.761904762,8.64,9.9
682-91-6352,A,Hyderabad,Normal,Male,Electronic accessories,34.56,5.0,8.64,181.44,2/17/2019,11:15:00,Ewallet,172.8,4.761904762,8.64,
346-12-3257,C,Mumbai,Member,Male,Electronic accessories,19.24,9.0,8.658,181.818,43558,16:28:00,Cash,173.16,4.761904762,8.658,8.0
640-47-5141,B,Mumbai,Member,Male,Electronic accessories,19.24,9.0,8.658,181.818,43558,16:28:00,Cash,173.16,4.761904762,8.658,8.0
167-55-8288,C,Mumbai,Member,Male,Food and beverages,19.24,9.0,8.658,181.818,43558,16:28:00,Cash,173.16,4.761904762,8.658,8.0
105-50-3843,B,Hyderabad,Member,Male,Electronic accessories,19.24,9.0,8.658,181.818,43558,16:28:00,Cash,173.16,4.761904762,8.658,
481-97-3301,B,Mumbai,Member,Male,Food and beverages,57.74,3.0,8.661,181.881,2/20/2019,13:06:00,Ewallet,173.22,4.761904762,8.661,7.7
779-42-2410,B,Mumbai,Member,Male,Food and beverages,57.74,3.0,8.661,181.881,2/20/2019,13:06:00,Ewallet,173.22,4.761904762,8.661,7.7
628-45-1996,A,Delhi,Member,Male,Food and beverages,24.82,7.0,8.687,182.427,2/16/2019,10:33:00,Credit card,173.74,4.761904762,8.687,7.1
873-14-6353,A,Mumbai,Member,Male,Food and beverages,24.82,7.0,8.687,182.427,2/16/2019,10:33:00,Cash,173.74,4.761904762,8.687,7.1
148-77-2359,A,Hyderabad,Member,Male,Food and beverages,24.82,7.0,8.687,182.427,2/16/2019,10:33:00,Credit card,173.74,4.761904762,8.687,
666-27-2091,A,Delhi,Member,Male,Electronic accessories,17.42,10.0,8.71,182.91,2/22/2019,12:30:00,Ewallet,174.2,4.761904762,8.71,7.0
807-14-7833,A,Mumbai,Member,Female,Electronic accessories,17.42,10.0,8.71,182.91,2/22/2019,12:30:00,Ewallet,174.2,4.761904762,8.71,7.0
541-20-9852,A,Hyderabad,Member,Male,Electronic accessories,17.42,10.0,8.71,182.91,2/22/2019,12:30:00,Ewallet,174.2,4.761904762,8.71,
706-36-6154,C,Delhi,Member,Male,Home and lifestyle,19.36,9.0,8.712,182.952,1/18/2019,18:43:00,Cash,174.24,4.761904762,8.712,8.7
746-68-6593,C,Hyderabad,Member,Male,Sports and travel,87.16,2.0,8.716,183.036,43770,14:29:00,Credit card,174.32,4.761904762,8.716,9.7
629-42-4133,C,Mumbai,Normal,Male,Health and beauty,21.8,8.0,8.72,183.12,2/19/2019,19:24:00,Cash,174.4,4.761904762,8.72,8.3
842-12-7825,C,Hyderabad,Normal,Male,Health and beauty,21.8,8.0,8.72,183.12,2/19/2019,19:24:00,Cash,174.4,4.761904762,8.72,
690-01-6631,B,Mumbai,Normal,Male,Fashion accessories,17.49,10.0,8.745,183.645,2/22/2019,18:35:00,Ewallet,174.9,4.761904762,8.745,6.6
214-70-8545,C,Hyderabad,Member,Male,Sports and travel,29.22,6.0,8.766,184.086,43466,11:40:00,Ewallet,175.32,4.761904762,8.766,5.0
271-77-8740,C,Mumbai,Member,Female,Sports and travel,29.22,6.0,8.766,184.086,43466,11:40:00,Cash,175.32,4.761904762,8.766,5.0
189-17-4241,A,Delhi,Normal,Female,Fashion accessories,87.67,2.0,8.767,184.107,43741,12:17:00,Credit card,175.34,4.761904762,8.767,7.7
787-15-1757,C,Mumbai,Normal,Male,Health and beauty,44.07,4.0,8.814,185.094,2/18/2019,16:28:00,Ewallet,176.28,4.761904762,8.814,8.4
361-17-4568,A,Delhi,Member,Male,Electronic accessories,25.22,7.0,8.827,185.367,43557,10:23:00,Cash,176.54,4.761904762,8.827,8.2
745-71-3520,C,Delhi,Member,Female,Electronic accessories,25.22,7.0,8.827,185.367,43557,10:23:00,Cash,176.54,4.761904762,8.827,8.2
221-28-3167,C,Delhi,Member,Male,Food and beverages,25.22,7.0,8.827,185.367,43557,10:23:00,Cash,176.54,4.761904762,8.827,8.2
175-54-2529,A,Delhi,Member,Male,Food and beverages,22.17,8.0,8.868,186.228,43527,17:01:00,Credit card,177.36,4.761904762,8.868,9.6
734-88-6248,A,Delhi,Member,Male,Food and beverages,22.17,8.0,8.868,186.228,43527,17:01:00,Credit card,177.36,4.761904762,8.868,9.6
258-92-7466,C,Delhi,Normal,Female,Health and beauty,35.68,5.0,8.92,187.32,43618,18:33:00,Credit card,178.4,4.761904762,8.92,6.6
282-48-3337,B,Mumbai,Normal,Male,Fashion accessories,25.56,7.0,8.946,187.866,43498,20:42:00,Cash,178.92,4.761904762,8.946,7.1
418-05-0656,C,Mumbai,Normal,Female,Fashion accessories,25.56,7.0,8.946,187.866,43498,20:42:00,Cash,178.92,4.761904762,8.946,7.1
666-44-2263,A,Mumbai,Normal,Male,Food and beverages,25.56,7.0,8.946,187.866,43498,20:42:00,Ewallet,178.92,4.761904762,8.946,7.1
518-81-7028,C,Mumbai,Normal,Male,Fashion accessories,25.56,7.0,8.946,187.866,43498,20:42:00,Cash,178.92,4.761904762,8.946,7.1
373-88-1424,C,Hyderabad,Member,Male,Home and lifestyle,35.81,5.0,8.9525,188.0025,43618,18:44:00,Cash,179.05,4.761904762,8.9525,7.9
764-77-8897,C,Hyderabad,Member,Male,Food and beverages,35.81,5.0,8.9525,188.0025,43618,18:44:00,Cash,179.05,4.761904762,8.9525,7.9
222-55-7186,B,Mumbai,Member,Female,Food and beverages,20.01,9.0,9.0045,189.0945,43618,15:47:00,Ewallet,180.09,4.761904762,9.0045,4.1
381-20-0914,A,Delhi,Member,Male,Fashion accessories,20.01,9.0,9.0045,189.0945,43800,15:48:00,Cash,180.09,4.761904762,9.0045,5.7
727-46-3608,B,Mumbai,Member,Male,Food and beverages,20.01,9.0,9.0045,189.0945,43618,15:47:00,Ewallet,180.09,4.761904762,9.0045,4.1
151-11-5803,C,Delhi,Member,Male,Fashion accessories,20.01,9.0,9.0045,189.0945,43800,15:48:00,Cash,180.09,4.761904762,9.0045,5.7
585-03-5943,B,Mumbai,Normal,Male,Health and beauty,18.11,10.0,9.055,190.155,3/13/2019,11:46:00,Ewallet,181.1,4.761904762,9.055,5.9
704-10-4056,C,Mumbai,Member,Male,Health and beauty,60.47,3.0,9.0705,190.4805,1/14/2019,10:55:00,Credit card,181.41,4.761904762,9.0705,5.6
750-57-9686,C,Hyderabad,Normal,Female,Home and lifestyle,45.38,4.0,9.076,190.596,43678,13:48:00,Credit card,181.52,4.761904762,9.076,8.7
517-88-0526,A,Delhi,Normal,Male,Electronic accessories,26.02,7.0,9.107,191.247,3/28/2019,17:38:00,Cash,182.14,4.761904762,9.107,5.1
531-80-1784,A,Mumbai,Normal,Male,Electronic accessories,26.02,7.0,9.107,191.247,3/28/2019,17:38:00,Cash,182.14,4.761904762,9.107,5.1
120-06-4233,C,Hyderabad,Normal,Male,Electronic accessories,30.61,6.0,9.183,192.843,43802,20:36:00,Cash,183.66,4.761904762,9.183,9.3
824-76-4721,C,Hyderabad,Normal,Male,Electronic accessories,30.61,6.0,9.183,192.843,43802,20:36:00,Cash,183.66,4.761904762,9.183,9.3
201-86-2184,B,Mumbai,Member,Female,Electronic accessories,26.26,7.0,9.191,193.011,43498,19:40:00,Cash,183.82,4.761904762,9.191,9.9
315-46-8732,B,Mumbai,Member,Male,Electronic accessories,26.26,7.0,9.191,193.011,43498,19:40:00,Cash,183.82,4.761904762,9.191,9.9
870-48-9776,B,Mumbai,Member,Male,Electronic accessories,26.26,7.0,9.191,193.011,43498,19:40:00,Cash,183.82,4.761904762,9.191,9.9
509-10-0516,B,Mumbai,Normal,Male,Home and lifestyle,45.97,4.0,9.194,193.074,43710,12:02:00,Cash,183.88,4.761904762,9.194,5.1
258-69-7810,C,Hyderabad,Normal,Female,Fashion accessories,36.85,5.0,9.2125,193.4625,1/26/2019,18:53:00,Cash,184.25,4.761904762,9.2125,9.2
519-21-4785,C,Hyderabad,Normal,Male,Fashion accessories,36.85,5.0,9.2125,193.4625,1/26/2019,18:53:00,Cash,184.25,4.761904762,9.2125,9.2
651-61-0874,C,Hyderabad,Normal,Male,Home and lifestyle,46.22,4.0,9.244,194.124,43802,20:04:00,Credit card,184.88,4.761904762,9.244,6.2
677-70-2591,C,Hyderabad,Normal,Male,Home and lifestyle,46.22,4.0,9.244,194.124,43802,20:04:00,Credit card,184.88,4.761904762,9.244,
416-64-1739,A,Delhi,Normal,Male,Sports and travel,37.14,5.0,9.285,194.985,43678,13:05:00,Cash,185.7,4.761904762,9.285,5.0
674-15-9296,C,Delhi,Normal,Male,Sports and travel,37.14,5.0,9.285,194.985,43678,13:05:00,Ewallet,185.7,4.761904762,9.285,5.0
864-66-5412,C,Delhi,Normal,Male,Sports and travel,37.14,5.0,9.285,194.985,43678,13:05:00,Cash,185.7,4.761904762,9.285,5.0
438-40-6419,C,Delhi,Normal,Male,Sports and travel,37.14,5.0,9.285,194.985,43678,13:05:00,Ewallet,185.7,4.761904762,9.285,
732-04-5373,B,Mumbai,Member,Male,Home and lifestyle,46.47,4.0,9.294,195.174,43679,10:53:00,Cash,185.88,4.761904762,9.294,7.0
339-18-7061,C,Hyderabad,Member,Female,Fashion accessories,92.98,2.0,9.298,195.258,2/13/2019,15:06:00,Cash,185.96,4.761904762,9.298,8.0
416-39-8610,C,Hyderabad,Member,Male,Fashion accessories,92.98,2.0,9.298,195.258,2/13/2019,15:06:00,Cash,185.96,4.761904762,9.298,8.0
288-39-4605,C,Hyderabad,Member,Female,Food and beverages,92.98,2.0,9.298,195.258,2/13/2019,15:06:00,Cash,185.96,4.761904762,9.298,8.0
692-14-5476,C,Hyderabad,Member,Male,Fashion accessories,92.98,2.0,9.298,195.258,2/13/2019,15:06:00,Cash,185.96,4.761904762,9.298,8.0
645-78-8093,A,Delhi,Normal,Male,Sports and travel,93.14,2.0,9.314,195.594,1/20/2019,18:09:00,Ewallet,186.28,4.761904762,9.314,4.1
167-21-3329,A,Hyderabad,Normal,Male,Sports and travel,93.14,2.0,9.314,195.594,1/20/2019,18:09:00,Ewallet,186.28,4.761904762,9.314,
618-34-8551,A,Mumbai,Normal,Female,Sports and travel,93.18,2.0,9.318,195.678,1/16/2019,18:41:00,Cash,186.36,4.761904762,9.318,8.5
664-28-9811,A,Delhi,Normal,Male,Sports and travel,93.18,2.0,9.318,195.678,1/16/2019,18:41:00,Credit card,186.36,4.761904762,9.318,8.5
287-58-4922,A,Mumbai,Normal,Female,Sports and travel,93.18,2.0,9.318,195.678,1/16/2019,18:41:00,Cash,186.36,4.761904762,9.318,
978-92-3176,A,Hyderabad,Normal,Male,Sports and travel,93.18,2.0,9.318,195.678,1/16/2019,18:41:00,Credit card,186.36,4.761904762,9.318,
142-72-4741,C,Hyderabad,Member,Male,Fashion accessories,93.2,2.0,9.32,195.72,2/28/2019,18:37:00,Credit card,186.4,4.761904762,9.32,6.0
282-35-2475,C,Mumbai,Normal,Female,Sports and travel,93.31,2.0,9.331,195.951,3/25/2019,17:53:00,Cash,186.62,4.761904762,9.331,6.3
444-68-7754,B,Mumbai,Normal,Male,Sports and travel,93.31,2.0,9.331,195.951,3/25/2019,17:53:00,Cash,186.62,4.761904762,9.331,6.3
102-75-7744,A,Mumbai,Normal,Female,Food and beverages,93.31,2.0,9.331,195.951,3/25/2019,17:53:00,Ewallet,186.62,4.761904762,9.331,6.3
963-12-4619,C,Mumbai,Normal,Male,Sports and travel,93.31,2.0,9.331,195.951,3/25/2019,17:53:00,Cash,186.62,4.761904762,9.331,6.3
642-61-4706,B,Mumbai,Member,Male,Food and beverages,93.4,2.0,9.34,196.14,3/30/2019,16:34:00,Cash,186.8,4.761904762,9.34,5.5
748-80-5067,B,Mumbai,Member,Male,Food and beverages,93.4,2.0,9.34,196.14,3/30/2019,16:34:00,Cash,186.8,4.761904762,9.34,5.5
460-67-9962,B,Hyderabad,Member,Male,Food and beverages,93.4,2.0,9.34,196.14,3/30/2019,16:34:00,Cash,186.8,4.761904762,9.34,
250-17-5703,A,Mumbai,Member,Male,Food and beverages,18.85,10.0,9.425,197.925,2/27/2019,18:24:00,Ewallet,188.5,4.761904762,9.425,5.6
513-14-2389,A,Delhi,Member,Male,Food and beverages,18.85,10.0,9.425,197.925,2/27/2019,18:24:00,Ewallet,188.5,4.761904762,9.425,5.6
375-72-3056,C,Mumbai,Normal,Male,Sports and travel,63.06,3.0,9.459,198.639,1/19/2019,15:58:00,Cash,189.18,4.761904762,9.459,7.0
950-94-1459,B,Mumbai,Normal,Male,Food and beverages,63.06,3.0,9.459,198.639,1/19/2019,15:58:00,Ewallet,189.18,4.761904762,9.459,7.0
663-94-5113,C,Mumbai,Normal,Male,Food and beverages,63.06,3.0,9.459,198.639,1/19/2019,15:58:00,Cash,189.18,4.761904762,9.459,7.0
565-80-5980,C,Hyderabad,Member,Male,Home and lifestyle,47.38,4.0,9.476,198.996,1/23/2019,10:25:00,Cash,189.52,4.761904762,9.476,7.1
565-17-3836,A,Mumbai,Normal,Female,Health and beauty,47.67,4.0,9.534,200.214,43802,14:21:00,Cash,190.68,4.761904762,9.534,9.1
288-62-1085,A,Mumbai,Member,Male,Fashion accessories,38.54,5.0,9.635,202.335,43709,13:34:00,Cash,192.7,4.761904762,9.635,5.6
675-16-7867,A,Mumbai,Member,Male,Food and beverages,38.54,5.0,9.635,202.335,43709,13:34:00,Ewallet,192.7,4.761904762,9.635,5.6
595-11-5460,A,Delhi,Normal,Male,Health and beauty,96.58,2.0,9.658,202.818,3/15/2019,10:12:00,Credit card,193.16,4.761904762,9.658,5.1
713-78-9301,A,Delhi,Member,Male,Electronic accessories,24.18,8.0,9.672,203.112,1/28/2019,20:54:00,Ewallet,193.44,4.761904762,9.672,9.8
726-29-6793,C,Delhi,Member,Male,Electronic accessories,24.18,8.0,9.672,203.112,1/28/2019,20:54:00,Cash,193.44,4.761904762,9.672,9.8
254-31-0042,A,Mumbai,Member,Male,Electronic accessories,21.5,9.0,9.675,203.175,43619,12:46:00,Credit card,193.5,4.761904762,9.675,7.8
664-77-1120,A,Delhi,Member,Male,Electronic accessories,21.5,9.0,9.675,203.175,43619,12:46:00,Credit card,193.5,4.761904762,9.675,7.8
247-72-6057,A,Hyderabad,Member,Male,Electronic accessories,21.5,9.0,9.675,203.175,43619,12:46:00,Credit card,193.5,4.761904762,9.675,
126-54-1082,A,Mumbai,Member,Male,Home and lifestyle,21.54,9.0,9.693,203.553,43647,11:44:00,Credit card,193.86,4.761904762,9.693,8.8
174-75-0888,C,Mumbai,Normal,Male,Electronic accessories,21.58,9.0,9.711,203.931,3/14/2019,12:32:00,Cash,194.22,4.761904762,9.711,7.3
657-38-1971,B,Mumbai,Normal,Male,Electronic accessories,21.58,9.0,9.711,203.931,3/14/2019,12:32:00,Cash,194.22,4.761904762,9.711,7.3
808-81-4866,B,Hyderabad,Normal,Male,Electronic accessories,21.58,9.0,9.711,203.931,3/14/2019,12:32:00,Cash,194.22,4.761904762,9.711,
518-17-2983,A,Delhi,Normal,Female,Fashion accessories,48.63,4.0,9.726,204.246,43557,15:44:00,Ewallet,194.52,4.761904762,9.726,7.6
755-94-3856,A,Delhi,Normal,Male,Fashion accessories,48.63,4.0,9.726,204.246,43557,15:44:00,Ewallet,194.52,4.761904762,9.726,7.6
558-80-4082,C,Mumbai,Normal,Male,Electronic accessories,27.85,7.0,9.7475,204.6975,3/14/2019,17:20:00,Ewallet,194.95,4.761904762,9.7475,6.0
775-94-2832,C,Hyderabad,Normal,Male,Electronic accessories,27.85,7.0,9.7475,204.6975,3/14/2019,17:20:00,Ewallet,194.95,4.761904762,9.7475,6.0
502-05-1910,C,Delhi,Normal,Male,Health and beauty,65.18,3.0,9.777,205.317,2/25/2019,20:35:00,Credit card,195.54,4.761904762,9.777,6.3
322-99-2609,A,Delhi,Member,Male,Fashion accessories,19.66,10.0,9.83,206.43,3/15/2019,18:20:00,Cash,196.6,4.761904762,9.83,7.2
510-09-5628,C,Delhi,Member,Female,Fashion accessories,19.66,10.0,9.83,206.43,3/15/2019,18:20:00,Cash,196.6,4.761904762,9.83,7.2
601-22-2021,A,Delhi,Member,Male,Fashion accessories,19.66,10.0,9.83,206.43,3/15/2019,18:20:00,Cash,196.6,4.761904762,9.83,7.2
521-18-7827,C,Hyderabad,Member,Male,Home and lifestyle,39.39,5.0,9.8475,206.7975,1/22/2019,20:46:00,Cash,196.95,4.761904762,9.8475,8.7
409-33-9708,A,Mumbai,Normal,Female,Fashion accessories,98.48,2.0,9.848,206.808,2/19/2019,10:12:00,Cash,196.96,4.761904762,9.848,9.2
278-16-4361,C,Mumbai,Normal,Male,Fashion accessories,98.48,2.0,9.848,206.808,2/19/2019,10:12:00,Cash,196.96,4.761904762,9.848,9.2
489-98-8510,C,Hyderabad,Normal,Male,Sports and travel,98.8,2.0,9.88,207.48,2/21/2019,11:39:00,Cash,197.6,4.761904762,9.88,7.7
714-02-3114,C,Hyderabad,Normal,Female,Sports and travel,98.8,2.0,9.88,207.48,2/21/2019,11:39:00,Cash,197.6,4.761904762,9.88,7.7
191-29-0321,C,Mumbai,Member,Female,Fashion accessories,19.77,10.0,9.885,207.585,2/27/2019,18:57:00,Credit card,197.7,4.761904762,9.885,5.0
981-80-6573,A,Mumbai,Member,Female,Food and beverages,19.77,10.0,9.885,207.585,2/27/2019,18:57:00,Credit card,197.7,4.761904762,9.885,5.0
214-87-4857,B,Mumbai,Member,Male,Sports and travel,49.49,4.0,9.898,207.858,3/21/2019,15:25:00,Ewallet,197.96,4.761904762,9.898,6.6
438-01-4015,C,Mumbai,Member,Female,Sports and travel,49.49,4.0,9.898,207.858,3/21/2019,15:25:00,Cash,197.96,4.761904762,9.898,6.6
472-87-3571,C,Mumbai,Normal,Female,Sports and travel,49.49,4.0,9.898,207.858,3/21/2019,15:25:00,Cash,197.96,4.761904762,9.898,6.6
868-81-1752,B,Mumbai,Normal,Male,Food and beverages,22.02,9.0,9.909,208.089,43648,18:48:00,Cash,198.18,4.761904762,9.909,6.8
311-95-7893,B,Mumbai,Normal,Male,Fashion accessories,99.25,2.0,9.925,208.425,3/20/2019,13:02:00,Cash,198.5,4.761904762,9.925,9.0
514-37-2845,C,Mumbai,Normal,Male,Fashion accessories,99.25,2.0,9.925,208.425,3/20/2019,13:02:00,Cash,198.5,4.761904762,9.925,9.0
685-11-3338,B,Mumbai,Normal,Male,Fashion accessories,99.25,2.0,9.925,208.425,3/20/2019,13:02:00,Cash,198.5,4.761904762,9.925,9.0
174-36-3675,C,Mumbai,Normal,Male,Food and beverages,99.37,2.0,9.937,208.677,2/14/2019,17:29:00,Cash,198.74,4.761904762,9.937,5.2
345-88-4313,C,Hyderabad,Member,Male,Food and beverages,99.37,2.0,9.937,208.677,2/14/2019,17:29:00,Cash,198.74,4.761904762,9.937,5.2
319-70-2345,C,Hyderabad,Member,Male,Food and beverages,99.37,2.0,9.937,208.677,2/14/2019,17:29:00,Cash,198.74,4.761904762,9.937,5.2
752-91-7288,B,Mumbai,Normal,Male,Fashion accessories,39.75,5.0,9.9375,208.6875,2/22/2019,10:43:00,Ewallet,198.75,4.761904762,9.9375,9.6
831-64-0259,C,Mumbai,Normal,Female,Fashion accessories,39.75,5.0,9.9375,208.6875,2/22/2019,10:43:00,Ewallet,198.75,4.761904762,9.9375,9.6
544-32-5024,C,Hyderabad,Member,Female,Food and beverages,49.79,4.0,9.958,209.118,3/28/2019,19:16:00,Cash,199.16,4.761904762,9.958,6.4
570-86-9761,C,Hyderabad,Member,Female,Food and beverages,49.79,4.0,9.958,209.118,3/28/2019,19:16:00,Credit card,199.16,4.761904762,9.958,6.4
471-41-2823,C,Mumbai,Normal,Male,Food and beverages,99.79,2.0,9.979,209.559,43649,20:37:00,Ewallet,199.58,4.761904762,9.979,8.0
620-97-5855,C,Hyderabad,Normal,Male,Food and beverages,99.79,2.0,9.979,209.559,43649,20:37:00,Ewallet,199.58,4.761904762,9.979,8.0
257-83-5719,C,Hyderabad,Normal,Male,Food and beverages,99.79,2.0,9.979,209.559,43649,20:37:00,Ewallet,199.58,4.761904762,9.979,
446-47-6729,C,Mumbai,Normal,Male,Fashion accessories,99.82,2.0,9.982,209.622,43497,18:09:00,Cash,199.64,4.761904762,9.982,6.7
828-49-1771,C,Mumbai,Normal,Male,Fashion accessories,99.82,2.0,9.982,209.622,43497,18:09:00,Cash,199.64,4.761904762,9.982,6.7
421-72-1167,C,Mumbai,Normal,Male,Food and beverages,99.82,2.0,9.982,209.622,43497,18:09:00,Cash,199.64,4.761904762,9.982,6.7
437-53-3084,C,Mumbai,Normal,Male,Fashion accessories,99.89,2.0,9.989,209.769,2/26/2019,11:48:00,Cash,199.78,4.761904762,9.989,7.1
777-92-7608,B,Mumbai,Normal,Male,Fashion accessories,99.89,2.0,9.989,209.769,2/26/2019,11:48:00,Cash,199.78,4.761904762,9.989,7.1
112-86-2436,C,Mumbai,Normal,Male,Fashion accessories,99.89,2.0,9.989,209.769,2/26/2019,11:48:00,Cash,199.78,4.761904762,9.989,7.1
257-60-7754,A,Mumbai,Normal,Female,Electronic accessories,50.23,4.0,10.046,210.966,43678,17:12:00,Cash,200.92,4.761904762,10.046,9.0
627-52-6055,A,Delhi,Normal,Male,Electronic accessories,50.23,4.0,10.046,210.966,43678,17:12:00,Cash,200.92,4.761904762,10.046,9.0
550-80-8496,A,Hyderabad,Normal,Male,Electronic accessories,50.23,4.0,10.046,210.966,43678,17:12:00,Cash,200.92,4.761904762,10.046,
305-03-2383,C,Delhi,Normal,Female,Food and beverages,67.1,3.0,10.065,211.365,2/15/2019,10:36:00,Cash,201.3,4.761904762,10.065,7.5
838-69-5169,A,Delhi,Normal,Female,Food and beverages,67.1,3.0,10.065,211.365,2/15/2019,10:36:00,Cash,201.3,4.761904762,10.065,7.5
657-70-5401,A,Delhi,Normal,Female,Food and beverages,67.1,3.0,10.065,211.365,2/15/2019,10:36:00,Cash,201.3,4.761904762,10.065,7.5
608-04-3797,C,Mumbai,Member,Female,Health and beauty,25.32,8.0,10.128,212.688,43588,20:24:00,Cash,202.56,4.761904762,10.128,8.7
638-64-8910,C,Mumbai,Member,Female,Health and beauty,25.32,8.0,10.128,212.688,43588,20:24:00,Cash,202.56,4.761904762,10.128,
639-76-1242,C,Hyderabad,Normal,Male,Food and beverages,40.52,5.0,10.13,212.73,43526,15:19:00,Cash,202.6,4.761904762,10.13,4.5
918-78-2436,C,Mumbai,Normal,Male,Food and beverages,40.52,5.0,10.13,212.73,43526,15:19:00,Cash,202.6,4.761904762,10.13,4.5
277-92-4487,C,Hyderabad,Normal,Male,Food and beverages,40.52,5.0,10.13,212.73,43526,15:19:00,Cash,202.6,4.761904762,10.13,
610-46-4100,C,Delhi,Normal,Male,Health and beauty,28.95,7.0,10.1325,212.7825,43527,20:31:00,Cash,202.65,4.761904762,10.1325,6.0
336-80-6322,C,Delhi,Normal,Male,Health and beauty,28.95,7.0,10.1325,212.7825,43527,20:31:00,Cash,202.65,4.761904762,10.1325,
301-81-8610,C,Mumbai,Member,Male,Fashion accessories,25.42,8.0,10.168,213.528,3/19/2019,19:42:00,Cash,203.36,4.761904762,10.168,6.7
927-32-5371,B,Mumbai,Member,Male,Food and beverages,25.42,8.0,10.168,213.528,3/19/2019,19:42:00,Credit card,203.36,4.761904762,10.168,6.7
735-23-5394,A,Mumbai,Member,Male,Fashion accessories,25.42,8.0,10.168,213.528,3/19/2019,19:42:00,Cash,203.36,4.761904762,10.168,6.7
345-08-4992,C,Delhi,Normal,Male,Home and lifestyle,33.99,6.0,10.197,214.137,43680,15:37:00,Cash,203.94,4.761904762,10.197,7.7
364-55-5431,C,Delhi,Normal,Male,Food and beverages,33.99,6.0,10.197,214.137,43680,15:37:00,Cash,203.94,4.761904762,10.197,7.7
730-61-8757,B,Mumbai,Normal,Male,Health and beauty,51.13,4.0,10.226,214.746,1/25/2019,10:11:00,Credit card,204.52,4.761904762,10.226,4.0
662-72-2873,C,Mumbai,Normal,Female,Food and beverages,40.94,5.0,10.235,214.935,43617,13:58:00,Ewallet,204.7,4.761904762,10.235,9.9
817-48-9342,A,Delhi,Normal,Female,Food and beverages,40.94,5.0,10.235,214.935,43617,13:58:00,Ewallet,204.7,4.761904762,10.235,9.9
121-31-8221,C,Hyderabad,Normal,Female,Food and beverages,40.94,5.0,10.235,214.935,43617,13:58:00,Ewallet,204.7,4.761904762,10.235,
408-75-9138,A,Delhi,Normal,Male,Electronic accessories,51.19,4.0,10.238,214.998,3/18/2019,17:15:00,Cash,204.76,4.761904762,10.238,4.7
439-54-7422,A,Mumbai,Normal,Female,Electronic accessories,51.19,4.0,10.238,214.998,3/18/2019,17:15:00,Cash,204.76,4.761904762,10.238,4.7
156-24-6633,C,Delhi,Normal,Male,Electronic accessories,51.19,4.0,10.238,214.998,3/18/2019,17:15:00,Cash,204.76,4.761904762,10.238,4.7
764-46-7586,C,Mumbai,Normal,Female,Electronic accessories,51.19,4.0,10.238,214.998,3/18/2019,17:15:00,Cash,204.76,4.761904762,10.238,4.7
276-75-6884,A,Mumbai,Normal,Female,Health and beauty,68.71,3.0,10.3065,216.4365,43558,10:05:00,Cash,206.13,4.761904762,10.3065,8.7
478-64-7711,A,Mumbai,Normal,Female,Food and beverages,68.71,3.0,10.3065,216.4365,43558,10:05:00,Ewallet,206.13,4.761904762,10.3065,8.7
649-11-3678,C,Mumbai,Normal,Female,Food and beverages,22.93,9.0,10.3185,216.6885,2/26/2019,20:26:00,Cash,206.37,4.761904762,10.3185,5.5
892-28-3824,C,Mumbai,Normal,Female,Food and beverages,22.93,9.0,10.3185,216.6885,2/26/2019,20:26:00,Cash,206.37,4.761904762,10.3185,5.5
940-41-6322,C,Hyderabad,Normal,Female,Food and beverages,22.93,9.0,10.3185,216.6885,2/26/2019,20:26:00,Cash,206.37,4.761904762,10.3185,
291-55-6563,A,Mumbai,Member,Female,Home and lifestyle,34.42,6.0,10.326,216.846,3/30/2019,12:45:00,Cash,206.52,4.761904762,10.326,7.5
354-39-5160,A,Delhi,Member,Male,Home and lifestyle,34.42,6.0,10.326,216.846,2/18/2019,15:39:00,Cash,206.52,4.761904762,10.326,9.8
629-69-2818,A,Mumbai,Member,Female,Home and lifestyle,34.42,6.0,10.326,216.846,3/30/2019,12:45:00,Cash,206.52,4.761904762,10.326,7.5
655-98-2113,A,Delhi,Member,Male,Food and beverages,34.42,6.0,10.326,216.846,2/18/2019,15:39:00,Cash,206.52,4.761904762,10.326,9.8
127-47-6963,C,Delhi,Normal,Male,Health and beauty,51.71,4.0,10.342,217.182,43711,13:53:00,Cash,206.84,4.761904762,10.342,9.8
777-67-2495,B,Mumbai,Normal,Male,Home and lifestyle,68.97,3.0,10.3455,217.2555,2/22/2019,11:26:00,Cash,206.91,4.761904762,10.3455,8.7
749-24-1565,A,Delhi,Normal,Male,Health and beauty,23.03,9.0,10.3635,217.6335,43525,12:02:00,Ewallet,207.27,4.761904762,10.3635,7.9
891-58-8335,B,Mumbai,Member,Male,Food and beverages,29.61,7.0,10.3635,217.6335,43772,15:53:00,Cash,207.27,4.761904762,10.3635,6.5
551-21-3069,C,Hyderabad,Normal,Male,Electronic accessories,23.07,9.0,10.3815,218.0115,43467,11:27:00,Cash,207.63,4.761904762,10.3815,4.9
735-33-1257,C,Hyderabad,Normal,Male,Electronic accessories,23.07,9.0,10.3815,218.0115,43467,11:27:00,Cash,207.63,4.761904762,10.3815,4.9
704-20-4138,C,Mumbai,Normal,Female,Health and beauty,29.67,7.0,10.3845,218.0745,43772,18:58:00,Credit card,207.69,4.761904762,10.3845,8.1
457-12-0244,C,Mumbai,Member,Female,Sports and travel,35.22,6.0,10.566,221.886,3/14/2019,13:49:00,Cash,211.32,4.761904762,10.566,6.5
556-63-4269,C,Hyderabad,Member,Male,Sports and travel,35.22,6.0,10.566,221.886,3/14/2019,13:49:00,Ewallet,211.32,4.761904762,10.566,6.5
365-16-4334,B,Mumbai,Normal,Female,Food and beverages,26.43,8.0,10.572,222.012,2/24/2019,14:26:00,Cash,211.44,4.761904762,10.572,8.9
823-72-9625,B,Mumbai,Normal,Male,Food and beverages,26.43,8.0,10.572,222.012,2/24/2019,14:26:00,Ewallet,211.44,4.761904762,10.572,8.9
222-57-1006,C,Mumbai,Normal,Female,Food and beverages,26.43,8.0,10.572,222.012,2/24/2019,14:26:00,Cash,211.44,4.761904762,10.572,8.9
366-43-6862,B,Mumbai,Normal,Male,Electronic accessories,52.89,4.0,10.578,222.138,3/25/2019,16:32:00,Cash,211.56,4.761904762,10.578,6.7
982-63-2828,A,Mumbai,Normal,Male,Food and beverages,52.89,4.0,10.578,222.138,3/25/2019,16:32:00,Ewallet,211.56,4.761904762,10.578,6.7
333-71-7228,C,Mumbai,Normal,Male,Food and beverages,52.89,4.0,10.578,222.138,3/25/2019,16:32:00,Cash,211.56,4.761904762,10.578,6.7
716-39-1409,B,Mumbai,Normal,Male,Health and beauty,30.35,7.0,10.6225,223.0725,3/19/2019,18:19:00,Cash,212.45,4.761904762,10.6225,8.0
219-23-1894,C,Hyderabad,Normal,Male,Electronic accessories,35.49,6.0,10.647,223.587,43498,12:40:00,Cash,212.94,4.761904762,10.647,4.1
717-96-4189,C,Mumbai,Normal,Female,Electronic accessories,35.49,6.0,10.647,223.587,43498,12:40:00,Cash,212.94,4.761904762,10.647,4.1
226-71-3580,C,Mumbai,Normal,Female,Sports and travel,23.75,9.0,10.6875,224.4375,1/31/2019,12:02:00,Cash,213.75,4.761904762,10.6875,9.5
544-55-9589,B,Mumbai,Member,Female,Electronic accessories,21.43,10.0,10.715,225.015,1/28/2019,11:51:00,Cash,214.3,4.761904762,10.715,6.2
791-44-9922,B,Mumbai,Member,Male,Electronic accessories,21.43,10.0,10.715,225.015,1/28/2019,11:51:00,Cash,214.3,4.761904762,10.715,6.2
209-61-0206,C,Delhi,Normal,Female,Home and lifestyle,42.91,5.0,10.7275,225.2775,43586,17:29:00,Cash,214.55,4.761904762,10.7275,6.1
420-97-3340,C,Delhi,Normal,Female,Food and beverages,71.68,3.0,10.752,225.792,3/28/2019,15:30:00,Cash,215.04,4.761904762,10.752,9.2
923-14-4386,A,Mumbai,Normal,Female,Food and beverages,71.68,3.0,10.752,225.792,3/28/2019,15:30:00,Credit card,215.04,4.761904762,10.752,9.2
322-52-9931,C,Delhi,Normal,Male,Food and beverages,71.68,3.0,10.752,225.792,3/28/2019,15:30:00,Cash,215.04,4.761904762,10.752,9.2
524-51-7594,A,Delhi,Normal,Male,Sports and travel,43.06,5.0,10.765,226.065,43557,16:38:00,Ewallet,215.3,4.761904762,10.765,7.7
695-28-6250,C,Delhi,Normal,Female,Sports and travel,43.06,5.0,10.765,226.065,43557,16:38:00,Cash,215.3,4.761904762,10.765,7.7
218-59-9410,C,Delhi,Member,Female,Home and lifestyle,72.42,3.0,10.863,228.123,3/29/2019,16:54:00,Ewallet,217.26,4.761904762,10.863,8.2
526-86-8552,C,Mumbai,Member,Male,Home and lifestyle,21.82,10.0,10.91,229.11,43647,17:36:00,Cash,218.2,4.761904762,10.91,7.1
576-31-4774,B,Mumbai,Normal,Female,Health and beauty,73.41,3.0,11.0115,231.2415,43499,13:10:00,Ewallet,220.23,4.761904762,11.0115,4.0
755-12-3214,C,Hyderabad,Member,Male,Fashion accessories,44.22,5.0,11.055,232.155,43588,17:07:00,Credit card,221.1,4.761904762,11.055,8.6
142-49-8309,A,Delhi,Normal,Male,Food and beverages,55.39,4.0,11.078,232.638,3/25/2019,15:19:00,Ewallet,221.56,4.761904762,11.078,8.0
156-95-3964,A,Mumbai,Normal,Female,Food and beverages,55.39,4.0,11.078,232.638,3/25/2019,15:19:00,Ewallet,221.56,4.761904762,11.078,8.0
787-87-2010,A,Mumbai,Member,Male,Health and beauty,55.5,4.0,11.1,233.1,1/20/2019,15:48:00,Credit card,222.0,4.761904762,11.1,6.6
548-83-3165,B,Mumbai,Normal,Male,Sports and travel,37.02,6.0,11.106,233.226,3/22/2019,18:33:00,Cash,222.12,4.761904762,11.106,4.5
554-53-3790,C,Mumbai,Normal,Male,Sports and travel,37.02,6.0,11.106,233.226,3/22/2019,18:33:00,Cash,222.12,4.761904762,11.106,4.5
447-15-7839,A,Mumbai,Member,Male,Sports and travel,22.24,10.0,11.12,233.52,43710,11:00:00,Cash,222.4,4.761904762,11.12,4.2
377-45-2075,C,Mumbai,Normal,Male,Sports and travel,22.24,10.0,11.12,233.52,43710,11:00:00,Cash,222.4,4.761904762,11.12,4.2
965-10-2773,C,Mumbai,Normal,Male,Food and beverages,22.24,10.0,11.12,233.52,43710,11:00:00,Cash,222.4,4.761904762,11.12,4.2
162-48-8011,A,Delhi,Member,Male,Food and beverages,44.59,5.0,11.1475,234.0975,43740,15:10:00,Cash,222.95,4.761904762,11.1475,8.5
444-11-2387,A,Delhi,Member,Female,Food and beverages,44.59,5.0,11.1475,234.0975,43740,15:10:00,Cash,222.95,4.761904762,11.1475,8.5
854-52-1428,C,Delhi,Normal,Female,Food and beverages,44.59,5.0,11.1475,234.0975,43740,15:10:00,Cash,222.95,4.761904762,11.1475,8.5
848-62-7243,A,Delhi,Normal,Male,Food and beverages,24.89,9.0,11.2005,235.2105,3/15/2019,15:36:00,Cash,224.01,4.761904762,11.2005,7.4
481-76-1074,A,Delhi,Normal,Male,Food and beverages,24.94,9.0,11.223,235.683,43770,16:49:00,Credit card,224.46,4.761904762,11.223,5.6
540-11-4336,A,Delhi,Normal,Male,Food and beverages,24.94,9.0,11.223,235.683,43770,16:49:00,Credit card,224.46,4.761904762,11.223,5.6
151-27-8496,C,Mumbai,Normal,Female,Electronic accessories,56.13,4.0,11.226,235.746,1/19/2019,11:43:00,Cash,224.52,4.761904762,11.226,8.6
366-34-8962,C,Hyderabad,Normal,Male,Electronic accessories,56.13,4.0,11.226,235.746,1/19/2019,11:43:00,Cash,224.52,4.761904762,11.226,8.6
870-67-5749,C,Hyderabad,Normal,Male,Food and beverages,56.13,4.0,11.226,235.746,1/19/2019,11:43:00,Cash,224.52,4.761904762,11.226,8.6
609-81-8548,C,Delhi,Member,Female,Home and lifestyle,37.44,6.0,11.232,235.872,43618,13:55:00,Cash,224.64,4.761904762,11.232,5.9
941-92-8139,C,Delhi,Member,Female,Home and lifestyle,37.44,6.0,11.232,235.872,43618,13:55:00,Cash,224.64,4.761904762,11.232,
683-25-1089,A,Delhi,Member,Male,Sports and travel,75.2,3.0,11.28,236.88,43587,11:51:00,Ewallet,225.6,4.761904762,11.28,4.8
880-35-0356,C,Mumbai,Member,Female,Food and beverages,75.2,3.0,11.28,236.88,43587,11:51:00,Cash,225.6,4.761904762,11.28,4.8
310-72-4586,A,Delhi,Member,Male,Sports and travel,75.2,3.0,11.28,236.88,43587,11:51:00,Ewallet,225.6,4.761904762,11.28,
256-08-8343,C,Delhi,Normal,Female,Home and lifestyle,56.53,4.0,11.306,237.426,43558,19:48:00,Ewallet,226.12,4.761904762,11.306,5.5
149-14-0304,C,Mumbai,Member,Female,Health and beauty,28.5,8.0,11.4,239.4,43618,14:24:00,Cash,228.0,4.761904762,11.4,6.6
801-88-0346,C,Mumbai,Normal,Female,Fashion accessories,76.06,3.0,11.409,239.589,43586,20:30:00,Credit card,228.18,4.761904762,11.409,9.8
562-44-6035,B,Mumbai,Normal,Male,Electronic accessories,22.95,10.0,11.475,240.975,43618,19:20:00,Ewallet,229.5,4.761904762,11.475,8.2
857-67-9057,C,Mumbai,Normal,Male,Food and beverages,22.95,10.0,11.475,240.975,43618,19:20:00,Ewallet,229.5,4.761904762,11.475,8.2
239-78-2421,B,Mumbai,Member,Male,Electronic accessories,57.49,4.0,11.498,241.458,3/15/2019,11:57:00,Cash,229.96,4.761904762,11.498,6.6
542-41-0513,B,Mumbai,Member,Male,Electronic accessories,57.49,4.0,11.498,241.458,3/15/2019,11:57:00,Cash,229.96,4.761904762,11.498,6.6
284-34-9626,B,Mumbai,Normal,Male,Home and lifestyle,77.04,3.0,11.556,242.676,43771,10:39:00,Cash,231.12,4.761904762,11.556,7.2
794-83-1499,A,Mumbai,Normal,Male,Food and beverages,77.04,3.0,11.556,242.676,43771,10:39:00,Ewallet,231.12,4.761904762,11.556,7.2
809-46-1866,A,Mumbai,Normal,Male,Health and beauty,58.15,4.0,11.63,244.23,1/23/2019,17:44:00,Cash,232.6,4.761904762,11.63,8.4
180-63-5310,A,Delhi,Normal,Male,Electronic accessories,46.95,5.0,11.7375,246.4875,43801,10:25:00,Ewallet,234.75,4.761904762,11.7375,7.1
365-64-0515,A,Delhi,Normal,Female,Electronic accessories,46.95,5.0,11.7375,246.4875,43801,10:25:00,Cash,234.75,4.761904762,11.7375,7.1
406-98-3191,C,Delhi,Normal,Female,Food and beverages,46.95,5.0,11.7375,246.4875,43801,10:25:00,Cash,234.75,4.761904762,11.7375,7.1
499-83-7255,A,Delhi,Normal,Male,Electronic accessories,78.31,3.0,11.7465,246.6765,43588,16:38:00,Ewallet,234.93,4.761904762,11.7465,5.4
655-07-2265,C,Delhi,Normal,Male,Electronic accessories,78.31,3.0,11.7465,246.6765,43588,16:38:00,Cash,234.93,4.761904762,11.7465,5.4
982-12-7665,C,Hyderabad,Normal,Male,Electronic accessories,78.31,3.0,11.7465,246.6765,43588,16:38:00,Cash,234.93,4.761904762,11.7465,
190-59-3964,B,Mumbai,Member,Male,Food and beverages,47.16,5.0,11.79,247.59,43526,14:35:00,Cash,235.8,4.761904762,11.79,6.0
594-83-8967,B,Mumbai,Member,Male,Food and beverages,47.16,5.0,11.79,247.59,43526,14:35:00,Credit card,235.8,4.761904762,11.79,6.0
512-57-0877,A,Delhi,Normal,Male,Electronic accessories,26.23,9.0,11.8035,247.8735,1/25/2019,20:24:00,Ewallet,236.07,4.761904762,11.8035,5.9
888-02-0338,A,Mumbai,Normal,Male,Food and beverages,26.23,9.0,11.8035,247.8735,1/25/2019,20:24:00,Ewallet,236.07,4.761904762,11.8035,5.9
110-05-6330,C,Hyderabad,Normal,Female,Food and beverages,39.43,6.0,11.829,248.409,3/25/2019,20:18:00,Credit card,236.58,4.761904762,11.829,9.4
469-26-9087,C,Hyderabad,Normal,Female,Food and beverages,39.43,6.0,11.829,248.409,3/25/2019,20:18:00,Credit card,236.58,4.761904762,11.829,9.4
537-28-7391,C,Hyderabad,Member,Male,Food and beverages,59.59,4.0,11.918,250.278,1/19/2019,12:46:00,Cash,238.36,4.761904762,11.918,9.8
728-47-9078,C,Mumbai,Member,Male,Food and beverages,59.59,4.0,11.918,250.278,1/19/2019,12:46:00,Cash,238.36,4.761904762,11.918,9.8
124-31-1458,A,Mumbai,Member,Female,Electronic accessories,79.59,3.0,11.9385,250.7085,43678,14:30:00,Cash,238.77,4.761904762,11.9385,6.6
401-99-2174,A,Delhi,Member,Male,Electronic accessories,79.59,3.0,11.9385,250.7085,43678,14:30:00,Cash,238.77,4.761904762,11.9385,6.6
827-28-6479,C,Delhi,Member,Male,Electronic accessories,79.59,3.0,11.9385,250.7085,43678,14:30:00,Cash,238.77,4.761904762,11.9385,6.6
182-88-2763,C,Mumbai,Member,Male,Food and beverages,79.91,3.0,11.9865,251.7165,3/20/2019,19:28:00,Cash,239.73,4.761904762,11.9865,5.0
808-27-8904,B,Mumbai,Member,Male,Food and beverages,79.91,3.0,11.9865,251.7165,3/20/2019,19:28:00,Credit card,239.73,4.761904762,11.9865,5.0
307-83-9164,A,Mumbai,Normal,Male,Home and lifestyle,60.01,4.0,12.002,252.042,1/25/2019,15:54:00,Cash,240.04,4.761904762,12.002,4.5
124-27-4395,A,Mumbai,Normal,Male,Home and lifestyle,60.01,4.0,12.002,252.042,1/25/2019,15:54:00,Cash,240.04,4.761904762,12.002,4.5
531-56-4728,A,Mumbai,Normal,Male,Home and lifestyle,80.08,3.0,12.012,252.252,43771,15:29:00,Cash,240.24,4.761904762,12.012,5.4
133-77-3154,C,Mumbai,Member,Male,Fashion accessories,60.18,4.0,12.036,252.756,2/16/2019,18:04:00,Credit card,240.72,4.761904762,12.036,9.4
452-87-2673,B,Mumbai,Member,Male,Fashion accessories,60.18,4.0,12.036,252.756,2/16/2019,18:04:00,Credit card,240.72,4.761904762,12.036,9.4
777-82-7220,B,Mumbai,Member,Male,Home and lifestyle,30.12,8.0,12.048,253.008,43527,13:01:00,Cash,240.96,4.761904762,12.048,7.7
458-61-0011,C,Mumbai,Normal,Male,Food and beverages,60.3,4.0,12.06,253.26,2/20/2019,18:43:00,Cash,241.2,4.761904762,12.06,5.8
845-27-8366,B,Mumbai,Normal,Male,Food and beverages,60.3,4.0,12.06,253.26,2/20/2019,18:43:00,Cash,241.2,4.761904762,12.06,5.8
272-31-4331,C,Hyderabad,Member,Male,Fashion accessories,80.48,3.0,12.072,253.512,2/15/2019,12:31:00,Cash,241.44,4.761904762,12.072,8.1
541-89-9860,C,Mumbai,Member,Female,Fashion accessories,80.48,3.0,12.072,253.512,2/15/2019,12:31:00,Cash,241.44,4.761904762,12.072,8.1
324-41-6833,C,Mumbai,Member,Female,Electronic accessories,30.2,8.0,12.08,253.68,43527,19:30:00,Cash,241.6,4.761904762,12.08,5.1
361-80-5873,C,Hyderabad,Member,Male,Electronic accessories,30.2,8.0,12.08,253.68,43527,19:30:00,Cash,241.6,4.761904762,12.08,5.1
682-68-7908,C,Mumbai,Member,Female,Electronic accessories,30.2,8.0,12.08,253.68,43527,19:30:00,Cash,241.6,4.761904762,12.08,5.1
477-60-4683,C,Hyderabad,Member,Male,Food and beverages,30.2,8.0,12.08,253.68,43527,19:30:00,Cash,241.6,4.761904762,12.08,5.1
584-86-7256,C,Hyderabad,Member,Male,Sports and travel,34.56,7.0,12.096,254.016,43772,16:07:00,Credit card,241.92,4.761904762,12.096,7.3
565-67-6697,B,Mumbai,Normal,Male,Home and lifestyle,27.0,9.0,12.15,255.15,43499,14:16:00,Cash,243.0,4.761904762,12.15,4.8
195-06-0432,A,Delhi,Member,Male,Home and lifestyle,81.01,3.0,12.1515,255.1815,1/13/2019,12:55:00,Cash,243.03,4.761904762,12.1515,9.3
386-90-9352,B,Mumbai,Member,Male,Electronic accessories,81.4,3.0,12.21,256.41,43710,19:43:00,Cash,244.2,4.761904762,12.21,4.8
866-05-7563,B,Mumbai,Member,Male,Food and beverages,81.4,3.0,12.21,256.41,43710,19:43:00,Cash,244.2,4.761904762,12.21,4.8
854-60-2053,C,Mumbai,Member,Male,Electronic accessories,81.4,3.0,12.21,256.41,43710,19:43:00,Cash,244.2,4.761904762,12.21,4.8
360-39-5055,C,Hyderabad,Member,Male,Sports and travel,48.91,5.0,12.2275,256.7775,43711,10:17:00,Cash,244.55,4.761904762,12.2275,6.6
444-52-4896,C,Hyderabad,Member,Male,Food and beverages,48.91,5.0,12.2275,256.7775,43711,10:17:00,Cash,244.55,4.761904762,12.2275,6.6
260-59-7689,A,Delhi,Member,Male,Sports and travel,24.49,10.0,12.245,257.145,2/22/2019,15:15:00,Cash,244.9,4.761904762,12.245,8.1
864-24-7918,A,Mumbai,Member,Female,Food and beverages,24.49,10.0,12.245,257.145,2/22/2019,15:15:00,Cash,244.9,4.761904762,12.245,8.1
793-10-3222,C,Mumbai,Member,Female,Health and beauty,41.06,6.0,12.318,258.678,43588,13:30:00,Credit card,246.36,4.761904762,12.318,8.3
583-79-6657,C,Hyderabad,Normal,Male,Electronic accessories,24.74,10.0,12.37,259.77,2/24/2019,16:44:00,Cash,247.4,4.761904762,12.37,7.1
740-11-5257,C,Hyderabad,Normal,Male,Electronic accessories,24.74,10.0,12.37,259.77,2/24/2019,16:44:00,Cash,247.4,4.761904762,12.37,7.1
826-58-8051,C,Mumbai,Normal,Male,Home and lifestyle,62.19,4.0,12.438,261.198,43617,19:46:00,Ewallet,248.76,4.761904762,12.438,4.3
712-39-0363,C,Delhi,Member,Male,Food and beverages,41.66,6.0,12.498,262.458,43497,15:24:00,Ewallet,249.96,4.761904762,12.498,5.6
305-71-5358,A,Mumbai,Member,Male,Food and beverages,41.66,6.0,12.498,262.458,43497,15:24:00,Ewallet,249.96,4.761904762,12.498,5.6
636-17-0325,B,Mumbai,Normal,Male,Health and beauty,62.57,4.0,12.514,262.794,2/25/2019,18:37:00,Cash,250.28,4.761904762,12.514,9.5
352-51-2461,B,Hyderabad,Normal,Male,Health and beauty,62.57,4.0,12.514,262.794,2/25/2019,18:37:00,Cash,250.28,4.761904762,12.514,
217-58-1179,A,Delhi,Member,Male,Home and lifestyle,62.65,4.0,12.53,263.13,43586,11:25:00,Cash,250.6,4.761904762,12.53,4.2
307-85-2293,B,Mumbai,Normal,Male,Home and lifestyle,50.28,5.0,12.57,263.97,43649,13:58:00,Cash,251.4,4.761904762,12.57,9.7
574-80-1489,B,Mumbai,Member,Female,Food and beverages,62.85,4.0,12.57,263.97,2/25/2019,13:22:00,Cash,251.4,4.761904762,12.57,8.7
646-78-5925,B,Mumbai,Member,Male,Food and beverages,62.85,4.0,12.57,263.97,2/25/2019,13:22:00,Ewallet,251.4,4.761904762,12.57,8.7
980-66-1682,B,Mumbai,Normal,Male,Home and lifestyle,50.28,5.0,12.57,263.97,43649,13:58:00,Cash,251.4,4.761904762,12.57,9.7
596-74-6168,B,Hyderabad,Member,Male,Food and beverages,62.85,4.0,12.57,263.97,2/25/2019,13:22:00,Ewallet,251.4,4.761904762,12.57,
740-22-2500,C,Hyderabad,Normal,Female,Electronic accessories,84.05,3.0,12.6075,264.7575,1/23/2019,13:29:00,Cash,252.15,4.761904762,12.6075,9.8
777-49-3059,C,Hyderabad,Normal,Male,Electronic accessories,84.05,3.0,12.6075,264.7575,1/23/2019,13:29:00,Cash,252.15,4.761904762,12.6075,9.8
382-25-8917,C,Mumbai,Normal,Male,Fashion accessories,42.08,6.0,12.624,265.104,1/29/2019,12:25:00,Cash,252.48,4.761904762,12.624,8.9
487-67-9184,C,Hyderabad,Normal,Male,Fashion accessories,42.08,6.0,12.624,265.104,1/29/2019,12:25:00,Cash,252.48,4.761904762,12.624,8.9
819-22-2685,C,Mumbai,Normal,Male,Fashion accessories,42.08,6.0,12.624,265.104,1/29/2019,12:25:00,Cash,252.48,4.761904762,12.624,8.9
345-68-9016,C,Mumbai,Member,Female,Sports and travel,31.67,8.0,12.668,266.028,43497,16:19:00,Cash,253.36,4.761904762,12.668,5.6
695-44-3418,C,Hyderabad,Member,Male,Sports and travel,31.67,8.0,12.668,266.028,43497,16:19:00,Credit card,253.36,4.761904762,12.668,5.6
773-69-1545,C,Mumbai,Member,Female,Food and beverages,31.67,8.0,12.668,266.028,43497,16:19:00,Cash,253.36,4.761904762,12.668,5.6
449-16-6770,A,Delhi,Normal,Male,Health and beauty,50.79,5.0,12.6975,266.6475,2/19/2019,14:53:00,Cash,253.95,4.761904762,12.6975,5.3
539-17-6812,A,Delhi,Normal,Male,Health and beauty,50.79,5.0,12.6975,266.6475,2/19/2019,14:53:00,Cash,253.95,4.761904762,12.6975,5.3
205-29-1011,C,Mumbai,Normal,Male,Food and beverages,50.79,5.0,12.6975,266.6475,2/19/2019,14:53:00,Cash,253.95,4.761904762,12.6975,5.3
288-38-3758,C,Mumbai,Member,Female,Fashion accessories,84.87,3.0,12.7305,267.3405,1/25/2019,18:30:00,Cash,254.61,4.761904762,12.7305,7.4
918-24-3239,A,Mumbai,Member,Female,Food and beverages,84.87,3.0,12.7305,267.3405,1/25/2019,18:30:00,Ewallet,254.61,4.761904762,12.7305,7.4
470-32-9057,C,Delhi,Member,Male,Food and beverages,51.34,5.0,12.835,269.535,3/28/2019,15:31:00,Credit card,256.7,4.761904762,12.835,9.1
929-38-6145,A,Mumbai,Member,Male,Food and beverages,51.34,5.0,12.835,269.535,3/28/2019,15:31:00,Credit card,256.7,4.761904762,12.835,9.1
797-88-0493,C,Delhi,Normal,Female,Health and beauty,64.27,4.0,12.854,269.934,3/26/2019,13:54:00,Cash,257.08,4.761904762,12.854,7.7
235-06-8510,C,Hyderabad,Member,Male,Home and lifestyle,85.72,3.0,12.858,270.018,1/24/2019,20:59:00,Cash,257.16,4.761904762,12.858,5.1
557-33-5848,C,Hyderabad,Member,Female,Food and beverages,36.77,7.0,12.8695,270.2595,43770,20:10:00,Cash,257.39,4.761904762,12.8695,7.4
592-46-1692,C,Mumbai,Member,Female,Food and beverages,36.77,7.0,12.8695,270.2595,43770,20:10:00,Cash,257.39,4.761904762,12.8695,7.4
539-21-7227,C,Mumbai,Normal,Female,Sports and travel,51.54,5.0,12.885,270.585,1/26/2019,17:45:00,Cash,257.7,4.761904762,12.885,4.2
818-26-8346,B,Mumbai,Normal,Male,Sports and travel,51.54,5.0,12.885,270.585,1/26/2019,17:45:00,Cash,257.7,4.761904762,12.885,4.2
659-91-6218,A,Delhi,Normal,Male,Sports and travel,64.59,4.0,12.918,271.278,43617,13:35:00,Ewallet,258.36,4.761904762,12.918,9.3
852-82-2749,A,Mumbai,Normal,Male,Food and beverages,64.59,4.0,12.918,271.278,43617,13:35:00,Cash,258.36,4.761904762,12.918,9.3
684-45-3989,A,Hyderabad,Normal,Male,Sports and travel,64.59,4.0,12.918,271.278,43617,13:35:00,Ewallet,258.36,4.761904762,12.918,
448-34-8700,B,Mumbai,Member,Male,Home and lifestyle,36.91,7.0,12.9185,271.2885,43740,13:51:00,Cash,258.37,4.761904762,12.9185,6.7
573-48-5075,C,Mumbai,Normal,Male,Home and lifestyle,36.91,7.0,12.9185,271.2885,43740,13:51:00,Cash,258.37,4.761904762,12.9185,6.7
502-33-1389,C,Mumbai,Normal,Male,Food and beverages,36.91,7.0,12.9185,271.2885,43740,13:51:00,Cash,258.37,4.761904762,12.9185,6.7
875-46-5808,B,Mumbai,Member,Male,Food and beverages,25.9,10.0,12.95,271.95,43618,14:51:00,Ewallet,259.0,4.761904762,12.95,8.7
211-05-0490,C,Mumbai,Normal,Female,Electronic accessories,51.92,5.0,12.98,272.58,43527,13:42:00,Cash,259.6,4.761904762,12.98,7.5
640-37-4783,C,Hyderabad,Member,Male,Electronic accessories,51.92,5.0,12.98,272.58,43527,13:42:00,Cash,259.6,4.761904762,12.98,7.5
644-39-4325,C,Hyderabad,Member,Male,Electronic accessories,51.92,5.0,12.98,272.58,43527,13:42:00,Cash,259.6,4.761904762,12.98,
238-49-0436,A,Delhi,Normal,Male,Health and beauty,32.46,8.0,12.984,272.664,3/27/2019,13:48:00,Credit card,259.68,4.761904762,12.984,4.9
440-59-5691,C,Hyderabad,Member,Female,Health and beauty,37.15,7.0,13.0025,273.0525,43679,13:12:00,Cash,260.05,4.761904762,13.0025,7.7
952-22-7546,C,Hyderabad,Normal,Female,Health and beauty,37.15,7.0,13.0025,273.0525,43679,13:12:00,Cash,260.05,4.761904762,13.0025,7.7
342-65-4817,C,Hyderabad,Member,Male,Health and beauty,86.8,3.0,13.02,273.42,1/28/2019,16:47:00,Cash,260.4,4.761904762,13.02,9.9
113-59-7173,C,Hyderabad,Member,Male,Food and beverages,86.8,3.0,13.02,273.42,1/28/2019,16:47:00,Cash,260.4,4.761904762,13.02,9.9
641-96-3695,C,Hyderabad,Member,Female,Fashion accessories,43.46,6.0,13.038,273.798,43648,17:55:00,Cash,260.76,4.761904762,13.038,8.5
662-35-6978,C,Mumbai,Member,Male,Fashion accessories,43.46,6.0,13.038,273.798,43648,17:55:00,Ewallet,260.76,4.761904762,13.038,8.5
621-84-8957,C,Hyderabad,Member,Female,Fashion accessories,43.46,6.0,13.038,273.798,43648,17:55:00,Cash,260.76,4.761904762,13.038,
674-10-2423,C,Hyderabad,Member,Male,Fashion accessories,43.46,6.0,13.038,273.798,43648,17:55:00,Ewallet,260.76,4.761904762,13.038,
380-94-4661,C,Mumbai,Member,Male,Electronic accessories,65.94,4.0,13.188,276.948,43648,13:05:00,Cash,263.76,4.761904762,13.188,6.9
468-88-0009,A,Mumbai,Member,Male,Home and lifestyle,65.94,4.0,13.188,276.948,3/24/2019,10:29:00,Cash,263.76,4.761904762,13.188,6.0
534-38-2444,C,Hyderabad,Member,Male,Electronic accessories,65.94,4.0,13.188,276.948,43648,13:05:00,Credit card,263.76,4.761904762,13.188,6.9
497-59-9645,C,Mumbai,Member,Male,Electronic accessories,65.94,4.0,13.188,276.948,43648,13:05:00,Cash,263.76,4.761904762,13.188,6.9
371-85-5789,B,Mumbai,Normal,Male,Health and beauty,87.98,3.0,13.197,277.137,43588,10:40:00,Cash,263.94,4.761904762,13.197,5.1
209-29-3863,C,Mumbai,Normal,Male,Food and beverages,87.98,3.0,13.197,277.137,43588,10:40:00,Cash,263.94,4.761904762,13.197,5.1
119-83-3321,A,Delhi,Member,Male,Fashion accessories,88.15,3.0,13.2225,277.6725,1/18/2019,10:11:00,Ewallet,264.45,4.761904762,13.2225,7.9
562-12-5430,C,Delhi,Member,Female,Fashion accessories,88.15,3.0,13.2225,277.6725,1/18/2019,10:11:00,Ewallet,264.45,4.761904762,13.2225,7.9
568-90-5112,C,Hyderabad,Normal,Male,Health and beauty,66.14,4.0,13.228,277.788,3/19/2019,12:46:00,Credit card,264.56,4.761904762,13.228,5.6
549-59-1358,A,Delhi,Member,Male,Sports and travel,88.63,3.0,13.2945,279.1845,43499,17:36:00,Ewallet,265.89,4.761904762,13.2945,6.0
499-94-1241,A,Delhi,Normal,Male,Food and beverages,66.52,4.0,13.304,279.384,43499,18:14:00,Ewallet,266.08,4.761904762,13.304,6.9
720-72-2436,A,Delhi,Normal,Male,Food and beverages,66.52,4.0,13.304,279.384,43499,18:14:00,Cash,266.08,4.761904762,13.304,6.9
343-61-3544,C,Mumbai,Member,Male,Sports and travel,26.67,10.0,13.335,280.035,1/29/2019,11:48:00,Cash,266.7,4.761904762,13.335,8.6
681-63-4004,B,Mumbai,Member,Male,Sports and travel,26.67,10.0,13.335,280.035,1/29/2019,11:48:00,Cash,266.7,4.761904762,13.335,8.6
323-38-4658,C,Mumbai,Member,Male,Food and beverages,26.67,10.0,13.335,280.035,1/29/2019,11:48:00,Cash,266.7,4.761904762,13.335,8.6
986-65-5272,B,Mumbai,Member,Male,Sports and travel,26.67,10.0,13.335,280.035,1/29/2019,11:48:00,Cash,266.7,4.761904762,13.335,
596-31-2815,B,Mumbai,Normal,Male,Sports and travel,44.63,6.0,13.389,281.169,43497,20:08:00,Credit card,267.78,4.761904762,13.389,5.1
670-71-7306,B,Mumbai,Normal,Male,Sports and travel,44.63,6.0,13.389,281.169,43497,20:08:00,Cash,267.78,4.761904762,13.389,5.1
241-69-7458,B,Mumbai,Normal,Male,Sports and travel,44.63,6.0,13.389,281.169,43497,20:08:00,Credit card,267.78,4.761904762,13.389,
379-22-3182,B,Hyderabad,Normal,Male,Sports and travel,44.63,6.0,13.389,281.169,43497,20:08:00,Cash,267.78,4.761904762,13.389,
543-74-4659,A,Delhi,Member,Male,Sports and travel,67.26,4.0,13.452,282.492,1/19/2019,15:28:00,Credit card,269.04,4.761904762,13.452,8.0
882-40-4577,C,Mumbai,Member,Male,Food and beverages,67.26,4.0,13.452,282.492,1/19/2019,15:28:00,Credit card,269.04,4.761904762,13.452,8.0
556-41-6224,C,Hyderabad,Normal,Male,Health and beauty,33.64,8.0,13.456,282.576,2/15/2019,17:10:00,Credit card,269.12,4.761904762,13.456,9.3
597-78-7908,C,Hyderabad,Normal,Male,Fashion accessories,90.22,3.0,13.533,284.193,2/18/2019,19:39:00,Cash,270.66,4.761904762,13.533,6.2
563-98-3331,C,Hyderabad,Normal,Male,Fashion accessories,90.22,3.0,13.533,284.193,2/18/2019,19:39:00,Cash,270.66,4.761904762,13.533,
782-33-1320,A,Delhi,Normal,Male,Food and beverages,33.88,8.0,13.552,284.592,1/19/2019,20:29:00,Ewallet,271.04,4.761904762,13.552,9.6
832-51-6761,A,Mumbai,Normal,Male,Food and beverages,33.88,8.0,13.552,284.592,1/19/2019,20:29:00,Cash,271.04,4.761904762,13.552,9.6
316-01-3952,C,Delhi,Normal,Female,Food and beverages,54.27,5.0,13.5675,284.9175,3/13/2019,14:16:00,Cash,271.35,4.761904762,13.5675,4.6
752-69-9362,A,Mumbai,Normal,Female,Food and beverages,54.27,5.0,13.5675,284.9175,3/13/2019,14:16:00,Ewallet,271.35,4.761904762,13.5675,4.6
287-42-7998,C,Delhi,Normal,Female,Food and beverages,54.27,5.0,13.5675,284.9175,3/13/2019,14:16:00,Cash,271.35,4.761904762,13.5675,4.6
146-53-1602,B,Mumbai,Normal,Male,Electronic accessories,45.35,6.0,13.605,285.705,1/31/2019,13:44:00,Ewallet,272.1,4.761904762,13.605,6.1
239-36-3640,B,Mumbai,Normal,Male,Electronic accessories,45.35,6.0,13.605,285.705,1/31/2019,13:44:00,Ewallet,272.1,4.761904762,13.605,6.1
400-80-4065,C,Mumbai,Member,Male,Health and beauty,68.55,4.0,13.71,287.91,2/15/2019,20:21:00,Cash,274.2,4.761904762,13.71,9.2
631-43-5062,C,Mumbai,Member,Male,Health and beauty,68.55,4.0,13.71,287.91,2/15/2019,20:21:00,Cash,274.2,4.761904762,13.71,9.2
425-85-2085,C,Mumbai,Member,Male,Health and beauty,54.86,5.0,13.715,288.015,3/29/2019,16:48:00,Cash,274.3,4.761904762,13.715,9.8
263-23-1729,C,Mumbai,Member,Male,Health and beauty,54.86,5.0,13.715,288.015,3/29/2019,16:48:00,Cash,274.3,4.761904762,13.715,9.8
824-88-3614,C,Hyderabad,Normal,Male,Health and beauty,34.31,8.0,13.724,288.204,1/25/2019,15:00:00,Ewallet,274.48,4.761904762,13.724,5.7
535-55-6763,B,Mumbai,Member,Male,Fashion accessories,68.71,4.0,13.742,288.582,43556,19:01:00,Cash,274.84,4.761904762,13.742,4.1
725-32-9708,C,Mumbai,Member,Female,Fashion accessories,68.71,4.0,13.742,288.582,43556,19:01:00,Cash,274.84,4.761904762,13.742,4.1
430-02-3888,B,Mumbai,Normal,Male,Electronic accessories,46.02,6.0,13.806,289.926,43648,15:55:00,Cash,276.12,4.761904762,13.806,7.1
466-11-5432,B,Mumbai,Normal,Male,Electronic accessories,46.02,6.0,13.806,289.926,43648,15:55:00,Cash,276.12,4.761904762,13.806,7.1
338-59-5419,C,Mumbai,Normal,Male,Electronic accessories,46.02,6.0,13.806,289.926,43648,15:55:00,Cash,276.12,4.761904762,13.806,7.1
131-70-8179,A,Delhi,Member,Female,Health and beauty,92.09,3.0,13.8135,290.0835,2/17/2019,16:27:00,Cash,276.27,4.761904762,13.8135,4.2
235-46-8343,C,Hyderabad,Member,Male,Food and beverages,27.66,10.0,13.83,290.43,2/14/2019,11:26:00,Credit card,276.6,4.761904762,13.83,8.9
660-79-8764,C,Hyderabad,Member,Male,Food and beverages,27.66,10.0,13.83,290.43,2/14/2019,11:26:00,Credit card,276.6,4.761904762,13.83,8.9
578-67-5273,C,Hyderabad,Member,Male,Food and beverages,27.66,10.0,13.83,290.43,2/14/2019,11:26:00,Credit card,276.6,4.761904762,13.83,
191-10-6171,B,Mumbai,Normal,Male,Fashion accessories,39.62,7.0,13.867,291.207,1/25/2019,13:18:00,Cash,277.34,4.761904762,13.867,7.5
458-41-1477,C,Hyderabad,Normal,Male,Health and beauty,46.26,6.0,13.878,291.438,43680,17:11:00,Credit card,277.56,4.761904762,13.878,9.5
302-15-2162,C,Hyderabad,Member,Male,Health and beauty,46.53,6.0,13.959,293.139,43527,10:54:00,Cash,279.18,4.761904762,13.959,4.3
220-87-8324,A,Hyderabad,Member,Male,Health and beauty,46.53,6.0,13.959,293.139,43527,10:54:00,Cash,279.18,4.761904762,13.959,4.3
593-65-1552,C,Hyderabad,Normal,Male,Home and lifestyle,69.81,4.0,13.962,293.202,1/28/2019,20:50:00,Credit card,279.24,4.761904762,13.962,5.9
781-13-4209,B,Mumbai,Member,Male,Fashion accessories,93.22,3.0,13.983,293.643,1/24/2019,11:45:00,Cash,279.66,4.761904762,13.983,7.2
789-23-8625,C,Mumbai,Member,Male,Fashion accessories,93.22,3.0,13.983,293.643,1/24/2019,11:45:00,Cash,279.66,4.761904762,13.983,7.2
689-16-9784,C,Mumbai,Normal,Male,Food and beverages,46.77,6.0,14.031,294.651,43772,13:37:00,Cash,280.62,4.761904762,14.031,6.0
702-45-2306,C,Hyderabad,Normal,Male,Food and beverages,46.77,6.0,14.031,294.651,43772,13:37:00,Cash,280.62,4.761904762,14.031,6.0
479-32-1520,A,Delhi,Member,Male,Electronic accessories,93.78,3.0,14.067,295.407,1/30/2019,11:32:00,Credit card,281.34,4.761904762,14.067,5.9
804-38-3935,A,Mumbai,Member,Male,Electronic accessories,93.78,3.0,14.067,295.407,1/30/2019,11:32:00,Cash,281.34,4.761904762,14.067,5.9
286-01-5402,A,Mumbai,Normal,Female,Sports and travel,40.23,7.0,14.0805,295.6905,3/30/2019,13:22:00,Cash,281.61,4.761904762,14.0805,9.6
278-59-6959,A,Mumbai,Normal,Female,Food and beverages,40.23,7.0,14.0805,295.6905,3/30/2019,13:22:00,Ewallet,281.61,4.761904762,14.0805,9.6
886-18-2897,A,Mumbai,Normal,Female,Food and beverages,56.56,5.0,14.14,296.94,3/22/2019,19:06:00,Cash,282.8,4.761904762,14.14,4.5
965-20-3152,A,Mumbai,Normal,Male,Food and beverages,56.56,5.0,14.14,296.94,3/22/2019,19:06:00,Credit card,282.8,4.761904762,14.14,4.5
144-51-6085,A,Mumbai,Member,Male,Home and lifestyle,70.74,4.0,14.148,297.108,43586,16:05:00,Credit card,282.96,4.761904762,14.148,4.4
409-49-6995,C,Mumbai,Member,Female,Food and beverages,47.27,6.0,14.181,297.801,43587,10:17:00,Cash,283.62,4.761904762,14.181,8.8
547-25-2096,C,Hyderabad,Member,Male,Food and beverages,47.27,6.0,14.181,297.801,43587,10:17:00,Cash,283.62,4.761904762,14.181,8.8
379-27-3198,C,Mumbai,Member,Male,Food and beverages,47.27,6.0,14.181,297.801,43587,10:17:00,Cash,283.62,4.761904762,14.181,8.8
319-74-2561,A,Delhi,Member,Male,Electronic accessories,94.64,3.0,14.196,298.116,2/21/2019,16:55:00,Cash,283.92,4.761904762,14.196,5.5
859-77-9459,A,Mumbai,Member,Male,Food and beverages,94.64,3.0,14.196,298.116,2/21/2019,16:55:00,Cash,283.92,4.761904762,14.196,5.5
675-89-2846,A,Delhi,Member,Male,Electronic accessories,94.64,3.0,14.196,298.116,2/21/2019,16:55:00,Cash,283.92,4.761904762,14.196,5.5
427-45-9297,B,Mumbai,Member,Female,Home and lifestyle,40.73,7.0,14.2555,299.3655,43802,11:01:00,Cash,285.11,4.761904762,14.2555,5.4
518-87-1181,C,Mumbai,Member,Male,Home and lifestyle,40.73,7.0,14.2555,299.3655,43802,11:01:00,Cash,285.11,4.761904762,14.2555,5.4
263-87-5680,C,Hyderabad,Member,Male,Home and lifestyle,28.53,10.0,14.265,299.565,3/18/2019,17:38:00,Ewallet,285.3,4.761904762,14.265,7.8
189-08-9157,C,Hyderabad,Normal,Male,Fashion accessories,31.73,9.0,14.2785,299.8485,43678,16:17:00,Credit card,285.57,4.761904762,14.2785,5.9
574-30-6582,B,Mumbai,Member,Male,Electronic accessories,35.74,8.0,14.296,300.216,2/17/2019,15:28:00,Ewallet,285.92,4.761904762,14.296,4.9
785-96-0615,B,Mumbai,Member,Female,Electronic accessories,35.74,8.0,14.296,300.216,2/17/2019,15:28:00,Ewallet,285.92,4.761904762,14.296,4.9
408-66-6712,C,Hyderabad,Member,Female,Health and beauty,47.71,6.0,14.313,300.573,2/16/2019,14:19:00,Cash,286.26,4.761904762,14.313,4.4
912-43-6198,C,Hyderabad,Member,Male,Health and beauty,47.71,6.0,14.313,300.573,2/16/2019,14:19:00,Cash,286.26,4.761904762,14.313,4.4
847-38-7188,B,Mumbai,Normal,Male,Food and beverages,96.68,3.0,14.502,304.542,1/26/2019,19:56:00,Ewallet,290.04,4.761904762,14.502,6.4
884-67-1216,B,Mumbai,Normal,Female,Food and beverages,96.68,3.0,14.502,304.542,1/26/2019,19:56:00,Ewallet,290.04,4.761904762,14.502,6.4
585-11-6748,C,Mumbai,Member,Male,Sports and travel,96.8,3.0,14.52,304.92,3/15/2019,13:05:00,Cash,290.4,4.761904762,14.52,5.3
902-56-1487,B,Mumbai,Member,Male,Food and beverages,96.8,3.0,14.52,304.92,3/15/2019,13:05:00,Cash,290.4,4.761904762,14.52,5.3
364-34-2972,C,Hyderabad,Member,Male,Electronic accessories,96.82,3.0,14.523,304.983,3/30/2019,20:37:00,Cash,290.46,4.761904762,14.523,6.7
914-87-6323,C,Mumbai,Member,Male,Food and beverages,96.82,3.0,14.523,304.983,3/30/2019,20:37:00,Cash,290.46,4.761904762,14.523,6.7
598-62-5535,C,Hyderabad,Member,Male,Food and beverages,96.82,3.0,14.523,304.983,3/30/2019,20:37:00,Cash,290.46,4.761904762,14.523,6.7
130-67-4723,C,Delhi,Member,Male,Food and beverages,48.5,6.0,14.55,305.55,43770,13:57:00,Ewallet,291.0,4.761904762,14.55,9.4
220-23-9955,A,Delhi,Member,Male,Food and beverages,48.5,6.0,14.55,305.55,43770,13:57:00,Ewallet,291.0,4.761904762,14.55,9.4
308-81-0538,C,Delhi,Normal,Female,Fashion accessories,73.05,4.0,14.61,306.81,2/25/2019,17:16:00,Cash,292.2,4.761904762,14.61,4.9
373-88-5578,A,Delhi,Normal,Male,Fashion accessories,73.05,4.0,14.61,306.81,2/25/2019,17:16:00,Cash,292.2,4.761904762,14.61,4.9
822-87-5272,C,Delhi,Normal,Female,Fashion accessories,73.05,4.0,14.61,306.81,2/25/2019,17:16:00,Cash,292.2,4.761904762,14.61,4.9
528-21-8882,C,Delhi,Normal,Male,Food and beverages,73.05,4.0,14.61,306.81,2/25/2019,17:16:00,Cash,292.2,4.761904762,14.61,4.9
274-05-5470,C,Delhi,Member,Female,Food and beverages,73.47,4.0,14.694,308.574,2/23/2019,18:30:00,Cash,293.88,4.761904762,14.694,6.0
641-49-3988,A,Delhi,Member,Female,Food and beverages,73.47,4.0,14.694,308.574,2/23/2019,18:30:00,Cash,293.88,4.761904762,14.694,6.0
160-91-8459,A,Mumbai,Member,Female,Food and beverages,73.47,4.0,14.694,308.574,2/23/2019,18:30:00,Ewallet,293.88,4.761904762,14.694,6.0
398-56-2422,A,Hyderabad,Member,Female,Food and beverages,73.47,4.0,14.694,308.574,2/23/2019,18:30:00,Cash,293.88,4.761904762,14.694,
628-53-8766,A,Delhi,Normal,Male,Fashion accessories,29.42,10.0,14.71,308.91,43800,16:23:00,Cash,294.2,4.761904762,14.71,8.9
647-50-1224,C,Delhi,Normal,Female,Fashion accessories,29.42,10.0,14.71,308.91,43800,16:23:00,Ewallet,294.2,4.761904762,14.71,8.9
711-99-9156,A,Hyderabad,Normal,Male,Fashion accessories,29.42,10.0,14.71,308.91,43800,16:23:00,Cash,294.2,4.761904762,14.71,
257-41-2971,C,Hyderabad,Normal,Female,Fashion accessories,29.42,10.0,14.71,308.91,43800,16:23:00,Ewallet,294.2,4.761904762,14.71,
210-67-5886,C,Hyderabad,Member,Male,Health and beauty,98.21,3.0,14.7315,309.3615,43587,10:41:00,Credit card,294.63,4.761904762,14.7315,7.8
269-04-5750,B,Mumbai,Member,Male,Fashion accessories,73.82,4.0,14.764,310.044,2/21/2019,18:31:00,Cash,295.28,4.761904762,14.764,6.7
326-71-2155,C,Hyderabad,Normal,Female,Sports and travel,73.95,4.0,14.79,310.59,43526,10:02:00,Cash,295.8,4.761904762,14.79,6.1
632-38-1503,C,Hyderabad,Normal,Male,Sports and travel,73.95,4.0,14.79,310.59,43526,10:02:00,Cash,295.8,4.761904762,14.79,6.1
182-59-1417,C,Hyderabad,Normal,Female,Sports and travel,73.95,4.0,14.79,310.59,43526,10:02:00,Cash,295.8,4.761904762,14.79,6.1
545-48-1623,C,Hyderabad,Normal,Male,Sports and travel,73.95,4.0,14.79,310.59,43526,10:02:00,Cash,295.8,4.761904762,14.79,
370-96-0655,C,Hyderabad,Normal,Female,Fashion accessories,49.32,6.0,14.796,310.716,43709,13:46:00,Cash,295.92,4.761904762,14.796,7.1
909-20-2088,C,Mumbai,Normal,Female,Food and beverages,49.32,6.0,14.796,310.716,43709,13:46:00,Ewallet,295.92,4.761904762,14.796,7.1
758-47-9448,C,Hyderabad,Normal,Female,Food and beverages,49.32,6.0,14.796,310.716,43709,13:46:00,Cash,295.92,4.761904762,14.796,7.1
695-09-5146,C,Mumbai,Member,Female,Food and beverages,98.79,3.0,14.8185,311.1885,2/23/2019,20:00:00,Cash,296.37,4.761904762,14.8185,6.4
770-49-1781,B,Mumbai,Member,Female,Food and beverages,98.79,3.0,14.8185,311.1885,2/23/2019,20:00:00,Ewallet,296.37,4.761904762,14.8185,6.4
846-10-0341,A,Delhi,Normal,Female,Food and beverages,42.57,7.0,14.8995,312.8895,43617,11:51:00,Cash,297.99,4.761904762,14.8995,6.8
221-25-5073,A,Mumbai,Normal,Female,Food and beverages,74.66,4.0,14.932,313.572,43558,10:39:00,Cash,298.64,4.761904762,14.932,8.5
246-50-8423,A,Delhi,Normal,Male,Food and beverages,74.66,4.0,14.932,313.572,43558,10:39:00,Cash,298.64,4.761904762,14.932,8.5
384-61-4673,A,Delhi,Member,Male,Food and beverages,99.6,3.0,14.94,313.74,2/25/2019,18:45:00,Cash,298.8,4.761904762,14.94,5.8
459-45-2396,A,Mumbai,Member,Female,Food and beverages,99.6,3.0,14.94,313.74,2/25/2019,18:45:00,Cash,298.8,4.761904762,14.94,5.8
336-24-2768,C,Delhi,Member,Male,Food and beverages,99.6,3.0,14.94,313.74,2/25/2019,18:45:00,Cash,298.8,4.761904762,14.94,5.8
420-04-7590,C,Mumbai,Normal,Male,Home and lifestyle,99.7,3.0,14.955,314.055,3/18/2019,11:29:00,Cash,299.1,4.761904762,14.955,4.7
652-54-1098,C,Mumbai,Normal,Male,Home and lifestyle,99.7,3.0,14.955,314.055,3/18/2019,11:29:00,Cash,299.1,4.761904762,14.955,4.7
153-58-4872,C,Mumbai,Member,Female,Food and beverages,74.89,4.0,14.978,314.538,43468,15:32:00,Ewallet,299.56,4.761904762,14.978,4.2
263-58-5106,C,Hyderabad,Member,Female,Food and beverages,74.89,4.0,14.978,314.538,43468,15:32:00,Ewallet,299.56,4.761904762,14.978,4.2
558-60-5016,A,Delhi,Normal,Female,Home and lifestyle,33.3,9.0,14.985,314.685,43558,15:27:00,Cash,299.7,4.761904762,14.985,7.2
685-64-1609,A,Delhi,Member,Male,Fashion accessories,30.14,10.0,15.07,316.47,43740,12:28:00,Ewallet,301.4,4.761904762,15.07,9.2
567-34-1985,A,Delhi,Member,Male,Fashion accessories,30.14,10.0,15.07,316.47,43740,12:28:00,Ewallet,301.4,4.761904762,15.07,
728-88-7867,C,Hyderabad,Member,Female,Home and lifestyle,75.53,4.0,15.106,317.226,3/19/2019,15:52:00,Ewallet,302.12,4.761904762,15.106,8.3
482-65-8213,B,Mumbai,Member,Male,Electronic accessories,50.45,6.0,15.135,317.835,43618,15:16:00,Credit card,302.7,4.761904762,15.135,8.9
811-35-1094,B,Mumbai,Member,Male,Electronic accessories,50.45,6.0,15.135,317.835,43618,15:16:00,Cash,302.7,4.761904762,15.135,8.9
853-23-2453,B,Mumbai,Member,Male,Food and beverages,75.74,4.0,15.148,318.108,2/14/2019,14:35:00,Cash,302.96,4.761904762,15.148,7.6
827-26-2100,A,Delhi,Member,Male,Home and lifestyle,33.84,9.0,15.228,319.788,3/21/2019,16:21:00,Ewallet,304.56,4.761904762,15.228,8.8
380-57-9790,C,Hyderabad,Normal,Female,Food and beverages,33.98,9.0,15.291,321.111,3/24/2019,10:43:00,Cash,305.82,4.761904762,15.291,4.2
588-01-7461,C,Hyderabad,Normal,Male,Food and beverages,33.98,9.0,15.291,321.111,3/24/2019,10:43:00,Cash,305.82,4.761904762,15.291,4.2
454-28-4219,C,Hyderabad,Normal,Female,Food and beverages,33.98,9.0,15.291,321.111,3/24/2019,10:43:00,Cash,305.82,4.761904762,15.291,4.2
291-21-5991,C,Hyderabad,Member,Male,Health and beauty,61.29,5.0,15.3225,321.7725,3/29/2019,14:28:00,Cash,306.45,4.761904762,15.3225,7.0
952-58-2073,A,Hyderabad,Member,Male,Health and beauty,61.29,5.0,15.3225,321.7725,3/29/2019,14:28:00,Ewallet,306.45,4.761904762,15.3225,7.0
190-27-9382,A,Hyderabad,Normal,Male,Food and beverages,51.28,6.0,15.384,323.064,1/19/2019,16:31:00,Cash,307.68,4.761904762,15.384,6.5
796-32-9050,A,Hyderabad,Normal,Male,Food and beverages,51.28,6.0,15.384,323.064,1/19/2019,16:31:00,Cash,307.68,4.761904762,15.384,6.5
434-83-9547,C,Hyderabad,Member,Male,Food and beverages,38.47,8.0,15.388,323.148,1/23/2019,11:51:00,Cash,307.76,4.761904762,15.388,7.7
703-77-9385,C,Hyderabad,Member,Male,Food and beverages,38.47,8.0,15.388,323.148,1/23/2019,11:51:00,Cash,307.76,4.761904762,15.388,7.7
983-72-5667,C,Hyderabad,Member,Male,Food and beverages,38.47,8.0,15.388,323.148,1/23/2019,11:51:00,Cash,307.76,4.761904762,15.388,7.7
563-91-7120,A,Hyderabad,Normal,Female,Fashion accessories,61.77,5.0,15.4425,324.2925,43680,13:21:00,Cash,308.85,4.761904762,15.4425,6.7
220-68-6701,A,Hyderabad,Normal,Female,Home and lifestyle,77.47,4.0,15.494,325.374,3/17/2019,16:36:00,Cash,309.88,4.761904762,15.494,4.2
443-82-0585,C,Hyderabad,Member,Female,Health and beauty,77.68,4.0,15.536,326.256,43467,19:54:00,Cash,310.72,4.761904762,15.536,8.4
616-10-2941,C,Hyderabad,Normal,Female,Health and beauty,77.68,4.0,15.536,326.256,43467,19:54:00,Cash,310.72,4.761904762,15.536,8.4
799-71-1548,A,Hyderabad,Member,Male,Electronic accessories,77.72,4.0,15.544,326.424,43647,16:11:00,Credit card,310.88,4.761904762,15.544,8.8
951-29-6881,A,Hyderabad,Member,Male,Food and beverages,77.72,4.0,15.544,326.424,43647,16:11:00,Credit card,310.88,4.761904762,15.544,8.8
129-29-8530,A,Hyderabad,Member,Male,Sports and travel,62.62,5.0,15.655,328.755,43741,19:15:00,Ewallet,313.1,4.761904762,15.655,7.0
118-62-1812,C,Hyderabad,Member,Female,Home and lifestyle,78.38,4.0,15.676,329.196,3/24/2019,17:56:00,Cash,313.52,4.761904762,15.676,7.9
146-09-5432,A,Hyderabad,Member,Male,Food and beverages,35.04,9.0,15.768,331.128,43710,19:17:00,Cash,315.36,4.761904762,15.768,4.6
902-42-9175,A,Hyderabad,Member,Male,Food and beverages,35.04,9.0,15.768,331.128,43710,19:17:00,Ewallet,315.36,4.761904762,15.768,4.6
608-27-6295,B,Hyderabad,Member,Male,Electronic accessories,52.89,6.0,15.867,333.207,1/19/2019,17:34:00,Credit card,317.34,4.761904762,15.867,9.8
926-41-3237,B,Hyderabad,Member,Male,Food and beverages,52.89,6.0,15.867,333.207,1/19/2019,17:34:00,Credit card,317.34,4.761904762,15.867,9.8
720-63-2087,B,Hyderabad,Member,Male,Electronic accessories,52.89,6.0,15.867,333.207,1/19/2019,17:34:00,Credit card,317.34,4.761904762,15.867,
654-31-4117,A,Hyderabad,Normal,Female,Food and beverages,63.61,5.0,15.9025,333.9525,3/16/2019,12:43:00,Ewallet,318.05,4.761904762,15.9025,4.8
727-17-0390,C,Hyderabad,Normal,Female,Food and beverages,63.61,5.0,15.9025,333.9525,3/16/2019,12:43:00,Ewallet,318.05,4.761904762,15.9025,4.8
643-23-3078,A,Hyderabad,Normal,Female,Food and beverages,63.61,5.0,15.9025,333.9525,3/16/2019,12:43:00,Ewallet,318.05,4.761904762,15.9025,
477-59-2456,C,Hyderabad,Normal,Female,Fashion accessories,45.44,7.0,15.904,333.984,1/23/2019,11:15:00,Cash,318.08,4.761904762,15.904,9.2
843-01-4703,B,Hyderabad,Member,Female,Home and lifestyle,35.38,9.0,15.921,334.341,43586,19:50:00,Credit card,318.42,4.761904762,15.921,9.6
374-38-5555,B,Hyderabad,Normal,Female,Fashion accessories,63.71,5.0,15.9275,334.4775,43648,19:30:00,Cash,318.55,4.761904762,15.9275,8.5
941-44-9626,C,Hyderabad,Normal,Female,Food and beverages,63.71,5.0,15.9275,334.4775,43648,19:30:00,Cash,318.55,4.761904762,15.9275,8.5
460-93-5834,A,Hyderabad,Normal,Male,Sports and travel,45.58,7.0,15.953,335.013,1/13/2019,10:03:00,Cash,319.06,4.761904762,15.953,5.0
696-62-7753,A,Hyderabad,Normal,Male,Sports and travel,45.58,7.0,15.953,335.013,1/13/2019,10:03:00,Cash,319.06,4.761904762,15.953,5.0
271-49-4264,B,Hyderabad,Member,Male,Sports and travel,31.99,10.0,15.995,335.895,2/20/2019,15:18:00,Credit card,319.9,4.761904762,15.995,9.9
311-13-6971,B,Hyderabad,Member,Male,Sports and travel,31.99,10.0,15.995,335.895,2/20/2019,15:18:00,Cash,319.9,4.761904762,15.995,9.9
932-28-7293,B,Hyderabad,Member,Male,Sports and travel,31.99,10.0,15.995,335.895,2/20/2019,15:18:00,Cash,319.9,4.761904762,15.995,9.9
833-15-5119,A,Hyderabad,Normal,Male,Food and beverages,45.79,7.0,16.0265,336.5565,3/13/2019,19:44:00,Credit card,320.53,4.761904762,16.0265,7.0
441-98-1123,C,Hyderabad,Member,Female,Food and beverages,80.36,4.0,16.072,337.512,2/23/2019,18:45:00,Cash,321.44,4.761904762,16.072,8.3
787-56-0757,C,Hyderabad,Member,Male,Food and beverages,80.36,4.0,16.072,337.512,2/23/2019,18:45:00,Credit card,321.44,4.761904762,16.072,8.3
608-49-1610,C,Hyderabad,Normal,Female,Food and beverages,80.36,4.0,16.072,337.512,2/23/2019,18:45:00,Cash,321.44,4.761904762,16.072,8.3
246-55-6923,C,Hyderabad,Member,Female,Home and lifestyle,35.79,9.0,16.1055,338.2155,43741,15:06:00,Cash,322.11,4.761904762,16.1055,5.1
676-39-6028,C,Hyderabad,Member,Female,Electronic accessories,64.44,5.0,16.11,338.31,3/30/2019,17:04:00,Cash,322.2,4.761904762,16.11,6.6
809-98-4223,A,Hyderabad,Member,Male,Electronic accessories,64.44,5.0,16.11,338.31,3/30/2019,17:04:00,Cash,322.2,4.761904762,16.11,6.6
203-59-1332,C,Hyderabad,Member,Female,Electronic accessories,64.44,5.0,16.11,338.31,3/30/2019,17:04:00,Cash,322.2,4.761904762,16.11,
725-56-0833,C,Hyderabad,Normal,Female,Health and beauty,32.32,10.0,16.16,339.36,2/20/2019,16:49:00,Credit card,323.2,4.761904762,16.16,10.0
631-41-3108,A,Hyderabad,Normal,Male,Home and lifestyle,46.33,7.0,16.2155,340.5255,43527,13:23:00,Credit card,324.31,4.761904762,16.2155,7.4
758-50-9062,A,Hyderabad,Normal,Male,Home and lifestyle,46.33,7.0,16.2155,340.5255,43527,13:23:00,Credit card,324.31,4.761904762,16.2155,
176-51-5799,C,Hyderabad,Member,Male,Sports and travel,64.97,5.0,16.2425,341.0925,43679,12:52:00,Credit card,324.85,4.761904762,16.2425,6.5
815-04-6282,C,Hyderabad,Member,Female,Sports and travel,64.97,5.0,16.2425,341.0925,43679,12:52:00,Cash,324.85,4.761904762,16.2425,6.5
404-57-2096,C,Hyderabad,Normal,Male,Fashion accessories,81.68,4.0,16.336,343.056,43617,12:12:00,Cash,326.72,4.761904762,16.336,9.1
834-25-9262,C,Hyderabad,Normal,Female,Fashion accessories,81.68,4.0,16.336,343.056,43617,12:12:00,Cash,326.72,4.761904762,16.336,9.1
668-67-8175,C,Hyderabad,Normal,Male,Fashion accessories,81.68,4.0,16.336,343.056,43617,12:12:00,Cash,326.72,4.761904762,16.336,9.1
432-99-9811,C,Hyderabad,Normal,Male,Electronic accessories,40.86,8.0,16.344,343.224,43648,14:38:00,Cash,326.88,4.761904762,16.344,6.5
810-60-6344,C,Hyderabad,Normal,Female,Electronic accessories,40.86,8.0,16.344,343.224,43648,14:38:00,Credit card,326.88,4.761904762,16.344,6.5
111-21-8965,C,Hyderabad,Normal,Male,Electronic accessories,40.86,8.0,16.344,343.224,43648,14:38:00,Cash,326.88,4.761904762,16.344,6.5
111-58-2673,B,Hyderabad,Normal,Male,Sports and travel,54.51,6.0,16.353,343.413,3/17/2019,13:54:00,Ewallet,327.06,4.761904762,16.353,7.8
642-30-6693,C,Hyderabad,Normal,Female,Sports and travel,54.51,6.0,16.353,343.413,3/17/2019,13:54:00,Cash,327.06,4.761904762,16.353,7.8
123-56-7486,C,Hyderabad,Normal,Female,Sports and travel,54.51,6.0,16.353,343.413,3/17/2019,13:54:00,Cash,327.06,4.761904762,16.353,
150-48-2852,C,Hyderabad,Normal,Male,Electronic accessories,32.8,10.0,16.4,344.4,2/15/2019,12:12:00,Cash,328.0,4.761904762,16.4,6.2
246-11-3901,C,Hyderabad,Normal,Female,Electronic accessories,32.8,10.0,16.4,344.4,2/15/2019,12:12:00,Cash,328.0,4.761904762,16.4,6.2
895-03-6665,B,Hyderabad,Normal,Female,Food and beverages,36.51,9.0,16.4295,345.0195,2/16/2019,10:52:00,Cash,328.59,4.761904762,16.4295,4.2
289-15-7034,C,Hyderabad,Member,Male,Sports and travel,82.33,4.0,16.466,345.786,43770,10:37:00,Cash,329.32,4.761904762,16.466,7.5
819-53-1369,A,Hyderabad,Member,Male,Sports and travel,82.33,4.0,16.466,345.786,43770,10:37:00,Credit card,329.32,4.761904762,16.466,7.5
554-22-4186,A,Hyderabad,Member,Male,Food and beverages,82.33,4.0,16.466,345.786,43770,10:37:00,Ewallet,329.32,4.761904762,16.466,7.5
257-73-1380,C,Hyderabad,Member,Male,Sports and travel,82.93,4.0,16.586,348.306,1/20/2019,16:51:00,Ewallet,331.72,4.761904762,16.586,9.6
501-26-1784,C,Hyderabad,Member,Male,Sports and travel,82.93,4.0,16.586,348.306,1/20/2019,16:51:00,Ewallet,331.72,4.761904762,16.586,9.6
448-75-8539,B,Mumbai,Member,Male,Food and beverages,33.21,10.0,16.605,348.705,43678,14:25:00,Cash,332.1,4.761904762,16.605,6.0
490-95-0021,B,Mumbai,Member,Female,Food and beverages,33.21,10.0,16.605,348.705,43678,14:25:00,Ewallet,332.1,4.761904762,16.605,6.0
569-80-2925,C,Mumbai,Normal,Male,Food and beverages,33.21,10.0,16.605,348.705,43678,14:25:00,Cash,332.1,4.761904762,16.605,6.0
899-18-9324,C,Mumbai,Normal,Male,Food and beverages,33.21,10.0,16.605,348.705,43678,14:25:00,Cash,332.1,4.761904762,16.605,6.0
498-41-1961,B,Mumbai,Normal,Male,Health and beauty,66.68,5.0,16.67,350.07,2/20/2019,18:01:00,Cash,333.4,4.761904762,16.67,7.6
803-83-5989,C,Hyderabad,Normal,Male,Home and lifestyle,55.73,6.0,16.719,351.099,2/24/2019,10:55:00,Ewallet,334.38,4.761904762,16.719,7.0
563-47-4072,C,Mumbai,Normal,Female,Health and beauty,55.81,6.0,16.743,351.603,1/22/2019,11:52:00,Cash,334.86,4.761904762,16.743,9.9
422-29-8786,A,Mumbai,Normal,Female,Home and lifestyle,67.09,5.0,16.7725,352.2225,43525,16:47:00,Cash,335.45,4.761904762,16.7725,9.1
109-10-7512,C,Mumbai,Normal,Male,Home and lifestyle,67.09,5.0,16.7725,352.2225,43525,16:47:00,Cash,335.45,4.761904762,16.7725,9.1
566-19-5475,B,Mumbai,Normal,Male,Fashion accessories,47.97,7.0,16.7895,352.5795,43647,20:52:00,Cash,335.79,4.761904762,16.7895,6.2
149-15-7606,C,Mumbai,Member,Male,Sports and travel,37.32,9.0,16.794,352.674,43619,15:31:00,Ewallet,335.88,4.761904762,16.794,5.1
841-44-8548,B,Mumbai,Member,Male,Sports and travel,37.32,9.0,16.794,352.674,43619,15:31:00,Ewallet,335.88,4.761904762,16.794,5.1
598-47-9715,C,Hyderabad,Normal,Male,Electronic accessories,84.07,4.0,16.814,353.094,43649,16:54:00,Ewallet,336.28,4.761904762,16.814,4.4
950-84-3004,C,Mumbai,Normal,Male,Food and beverages,84.07,4.0,16.814,353.094,43649,16:54:00,Ewallet,336.28,4.761904762,16.814,4.4
345-40-6775,C,Hyderabad,Normal,Male,Electronic accessories,84.07,4.0,16.814,353.094,43649,16:54:00,Ewallet,336.28,4.761904762,16.814,
716-87-5921,B,Mumbai,Normal,Male,Sports and travel,67.27,5.0,16.8175,353.1675,2/27/2019,17:27:00,Cash,336.35,4.761904762,16.8175,6.9
741-73-3559,C,Mumbai,Normal,Male,Sports and travel,67.27,5.0,16.8175,353.1675,2/27/2019,17:27:00,Cash,336.35,4.761904762,16.8175,6.9
783-09-1637,B,Mumbai,Normal,Male,Sports and travel,67.43,5.0,16.8575,354.0075,43619,18:13:00,Ewallet,337.15,4.761904762,16.8575,6.3
134-54-4720,C,Mumbai,Normal,Female,Electronic accessories,42.42,8.0,16.968,356.328,1/30/2019,13:58:00,Ewallet,339.36,4.761904762,16.968,5.7
779-95-2189,B,Mumbai,Normal,Male,Electronic accessories,42.42,8.0,16.968,356.328,1/30/2019,13:58:00,Ewallet,339.36,4.761904762,16.968,5.7
283-79-9594,B,Mumbai,Normal,Female,Food and beverages,48.51,7.0,16.9785,356.5485,1/25/2019,13:30:00,Cash,339.57,4.761904762,16.9785,5.2
308-43-3062,B,Mumbai,Normal,Female,Food and beverages,48.51,7.0,16.9785,356.5485,1/25/2019,13:30:00,Cash,339.57,4.761904762,16.9785,5.2
225-67-9377,A,Mumbai,Normal,Female,Food and beverages,48.51,7.0,16.9785,356.5485,1/25/2019,13:30:00,Ewallet,339.57,4.761904762,16.9785,5.2
538-37-0199,B,Mumbai,Normal,Female,Food and beverages,48.51,7.0,16.9785,356.5485,1/25/2019,13:30:00,Cash,339.57,4.761904762,16.9785,5.2
505-02-0892,B,Mumbai,Member,Male,Health and beauty,42.57,8.0,17.028,357.588,2/25/2019,14:12:00,Ewallet,340.56,4.761904762,17.028,5.6
244-08-0162,C,Mumbai,Normal,Female,Health and beauty,34.21,10.0,17.105,359.205,43497,13:00:00,Cash,342.1,4.761904762,17.105,5.1
701-69-8742,C,Mumbai,Normal,Male,Sports and travel,34.37,10.0,17.185,360.885,3/16/2019,10:11:00,Ewallet,343.7,4.761904762,17.185,6.7
769-99-7525,B,Mumbai,Normal,Male,Sports and travel,34.37,10.0,17.185,360.885,3/16/2019,10:11:00,Ewallet,343.7,4.761904762,17.185,6.7
213-52-3294,C,Hyderabad,Normal,Male,Food and beverages,57.29,6.0,17.187,360.927,3/21/2019,17:04:00,Ewallet,343.74,4.761904762,17.187,5.9
500-02-2261,C,Hyderabad,Normal,Female,Food and beverages,57.29,6.0,17.187,360.927,3/21/2019,17:04:00,Cash,343.74,4.761904762,17.187,5.9
153-34-7246,C,Hyderabad,Normal,Female,Food and beverages,43.18,8.0,17.272,362.712,1/19/2019,19:39:00,Credit card,345.44,4.761904762,17.272,8.3
894-41-5205,C,Mumbai,Normal,Male,Food and beverages,43.18,8.0,17.272,362.712,1/19/2019,19:39:00,Credit card,345.44,4.761904762,17.272,8.3
234-36-2483,B,Mumbai,Normal,Male,Health and beauty,57.59,6.0,17.277,362.817,2/15/2019,13:51:00,Cash,345.54,4.761904762,17.277,5.1
633-44-8566,A,Delhi,Member,Male,Food and beverages,49.38,7.0,17.283,362.943,3/27/2019,20:35:00,Credit card,345.66,4.761904762,17.283,7.3
645-18-7653,A,Delhi,Member,Male,Food and beverages,49.38,7.0,17.283,362.943,3/27/2019,20:35:00,Credit card,345.66,4.761904762,17.283,7.3
701-68-6618,A,Hyderabad,Member,Male,Food and beverages,49.38,7.0,17.283,362.943,3/27/2019,20:35:00,Credit card,345.66,4.761904762,17.283,
888-12-1886,A,Hyderabad,Member,Male,Food and beverages,49.38,7.0,17.283,362.943,3/27/2019,20:35:00,Credit card,345.66,4.761904762,17.283,
692-27-8933,B,Mumbai,Normal,Female,Sports and travel,57.95,6.0,17.385,365.085,2/24/2019,13:02:00,Cash,347.7,4.761904762,17.385,5.2
288-71-8297,A,Delhi,Member,Male,Sports and travel,38.72,9.0,17.424,365.904,3/20/2019,12:24:00,Cash,348.48,4.761904762,17.424,4.2
509-29-3912,C,Delhi,Member,Female,Sports and travel,38.72,9.0,17.424,365.904,3/20/2019,12:24:00,Cash,348.48,4.761904762,17.424,4.2
328-17-4521,A,Delhi,Member,Male,Food and beverages,38.72,9.0,17.424,365.904,3/20/2019,12:24:00,Ewallet,348.48,4.761904762,17.424,4.2
119-66-1324,A,Delhi,Normal,Male,Food and beverages,58.26,6.0,17.478,367.038,3/28/2019,16:44:00,Cash,349.56,4.761904762,17.478,9.9
212-62-1842,A,Delhi,Normal,Male,Food and beverages,58.26,6.0,17.478,367.038,3/28/2019,16:44:00,Cash,349.56,4.761904762,17.478,9.9
249-42-3782,A,Delhi,Normal,Male,Health and beauty,70.01,5.0,17.5025,367.5525,43525,11:36:00,Ewallet,350.05,4.761904762,17.5025,5.5
662-47-5456,C,Mumbai,Member,Male,Fashion accessories,35.19,10.0,17.595,369.495,3/17/2019,19:06:00,Credit card,351.9,4.761904762,17.595,8.4
722-47-8756,C,Hyderabad,Member,Male,Fashion accessories,35.19,10.0,17.595,369.495,3/17/2019,19:06:00,Credit card,351.9,4.761904762,17.595,
468-99-7231,C,Mumbai,Normal,Female,Home and lifestyle,44.01,8.0,17.604,369.684,43527,17:36:00,Cash,352.08,4.761904762,17.604,8.8
368-11-7125,B,Mumbai,Member,Male,Fashion accessories,58.75,6.0,17.625,370.125,3/24/2019,18:14:00,Cash,352.5,4.761904762,17.625,5.9
725-67-2480,B,Mumbai,Member,Female,Fashion accessories,58.75,6.0,17.625,370.125,3/24/2019,18:14:00,Credit card,352.5,4.761904762,17.625,5.9
638-77-3972,C,Mumbai,Member,Male,Food and beverages,58.75,6.0,17.625,370.125,3/24/2019,18:14:00,Cash,352.5,4.761904762,17.625,5.9
731-14-2199,A,Mumbai,Member,Male,Home and lifestyle,35.54,10.0,17.77,373.17,43556,13:34:00,Ewallet,355.4,4.761904762,17.77,7.0
564-92-5214,B,Mumbai,Member,Female,Food and beverages,89.14,4.0,17.828,374.388,43647,12:20:00,Credit card,356.56,4.761904762,17.828,7.8
889-04-9723,B,Mumbai,Normal,Female,Food and beverages,89.14,4.0,17.828,374.388,43647,12:20:00,Credit card,356.56,4.761904762,17.828,7.8
397-25-8725,A,Mumbai,Member,Female,Health and beauty,39.62,9.0,17.829,374.409,1/13/2019,17:54:00,Cash,356.58,4.761904762,17.829,6.8
368-86-9199,C,Mumbai,Member,Male,Health and beauty,39.62,9.0,17.829,374.409,1/13/2019,17:54:00,Cash,356.58,4.761904762,17.829,6.8
420-11-4919,C,Hyderabad,Member,Male,Food and beverages,71.39,5.0,17.8475,374.7975,2/17/2019,19:57:00,Cash,356.95,4.761904762,17.8475,5.5
583-61-4387,C,Hyderabad,Member,Female,Food and beverages,71.39,5.0,17.8475,374.7975,2/17/2019,19:57:00,Credit card,356.95,4.761904762,17.8475,5.5
180-19-1430,C,Hyderabad,Member,Male,Food and beverages,71.39,5.0,17.8475,374.7975,2/17/2019,19:57:00,Cash,356.95,4.761904762,17.8475,5.5
533-66-5566,B,Mumbai,Normal,Female,Home and lifestyle,51.07,7.0,17.8745,375.3645,43800,11:42:00,Cash,357.49,4.761904762,17.8745,7.0
258-62-9963,C,Hyderabad,Member,Male,Sports and travel,71.92,5.0,17.98,377.58,1/17/2019,15:05:00,Credit card,359.6,4.761904762,17.98,4.3
600-38-9738,C,Hyderabad,Member,Male,Sports and travel,71.92,5.0,17.98,377.58,1/17/2019,15:05:00,Cash,359.6,4.761904762,17.98,4.3
453-10-3657,C,Hyderabad,Member,Male,Sports and travel,71.92,5.0,17.98,377.58,1/17/2019,15:05:00,Cash,359.6,4.761904762,17.98,
834-61-8124,A,Mumbai,Normal,Male,Electronic accessories,51.69,7.0,18.0915,379.9215,1/26/2019,18:22:00,Cash,361.83,4.761904762,18.0915,5.5
888-61-3230,A,Mumbai,Normal,Male,Food and beverages,51.69,7.0,18.0915,379.9215,1/26/2019,18:22:00,Cash,361.83,4.761904762,18.0915,5.5
484-22-8230,C,Hyderabad,Member,Female,Fashion accessories,51.89,7.0,18.1615,381.3915,43678,20:08:00,Cash,363.23,4.761904762,18.1615,4.5
873-42-3361,C,Mumbai,Member,Male,Food and beverages,51.89,7.0,18.1615,381.3915,43678,20:08:00,Cash,363.23,4.761904762,18.1615,4.5
299-29-0180,B,Mumbai,Member,Female,Home and lifestyle,52.18,7.0,18.263,383.523,43711,10:54:00,Cash,365.26,4.761904762,18.263,9.3
757-87-2679,A,Mumbai,Member,Female,Home and lifestyle,52.18,7.0,18.263,383.523,43711,10:54:00,Cash,365.26,4.761904762,18.263,9.3
198-84-7132,C,Mumbai,Member,Male,Fashion accessories,40.61,9.0,18.2745,383.7645,43497,13:40:00,Cash,365.49,4.761904762,18.2745,7.0
481-87-7977,B,Mumbai,Member,Male,Fashion accessories,40.61,9.0,18.2745,383.7645,43497,13:40:00,Cash,365.49,4.761904762,18.2745,7.0
608-96-3517,B,Mumbai,Member,Male,Fashion accessories,91.54,4.0,18.308,384.468,3/23/2019,19:20:00,Credit card,366.16,4.761904762,18.308,4.8
159-78-9621,B,Mumbai,Member,Male,Fashion accessories,91.54,4.0,18.308,384.468,3/23/2019,19:20:00,Credit card,366.16,4.761904762,18.308,
775-72-1988,B,Mumbai,Normal,Male,Home and lifestyle,73.28,5.0,18.32,384.72,1/24/2019,15:05:00,Ewallet,366.4,4.761904762,18.32,8.4
493-65-6248,C,Hyderabad,Member,Female,Sports and travel,36.98,10.0,18.49,388.29,43466,19:48:00,Credit card,369.8,4.761904762,18.49,7.0
897-15-1874,C,Mumbai,Member,Male,Food and beverages,36.98,10.0,18.49,388.29,43466,19:48:00,Credit card,369.8,4.761904762,18.49,7.0
269-10-8440,C,Delhi,Member,Male,Health and beauty,53.17,7.0,18.6095,390.7995,1/21/2019,18:01:00,Cash,372.19,4.761904762,18.6095,8.9
658-66-3967,C,Mumbai,Normal,Male,Health and beauty,53.19,7.0,18.6165,390.9465,1/14/2019,15:42:00,Cash,372.33,4.761904762,18.6165,5.0
173-17-5687,C,Hyderabad,Normal,Male,Health and beauty,53.19,7.0,18.6165,390.9465,1/14/2019,15:42:00,Cash,372.33,4.761904762,18.6165,
630-74-5166,A,Delhi,Normal,Male,Sports and travel,62.13,6.0,18.639,391.419,3/22/2019,20:19:00,Cash,372.78,4.761904762,18.639,7.4
280-28-3641,A,Hyderabad,Normal,Male,Sports and travel,62.13,6.0,18.639,391.419,3/22/2019,20:19:00,Cash,372.78,4.761904762,18.639,
603-07-0961,C,Mumbai,Normal,Male,Electronic accessories,74.79,5.0,18.6975,392.6475,43739,11:34:00,Cash,373.95,4.761904762,18.6975,4.9
945-86-5062,C,Mumbai,Member,Male,Food and beverages,74.79,5.0,18.6975,392.6475,43739,11:34:00,Cash,373.95,4.761904762,18.6975,4.9
411-82-1719,C,Mumbai,Normal,Male,Electronic accessories,74.79,5.0,18.6975,392.6475,43739,11:34:00,Cash,373.95,4.761904762,18.6975,
259-23-1304,C,Hyderabad,Normal,Male,Fashion accessories,37.55,10.0,18.775,394.275,43680,20:01:00,Credit card,375.5,4.761904762,18.775,9.3
632-90-0281,C,Mumbai,Normal,Female,Fashion accessories,37.55,10.0,18.775,394.275,43680,20:01:00,Credit card,375.5,4.761904762,18.775,9.3
207-72-3124,C,Hyderabad,Normal,Female,Fashion accessories,37.55,10.0,18.775,394.275,43680,20:01:00,Credit card,375.5,4.761904762,18.775,
235-58-2190,A,Mumbai,Member,Male,Fashion accessories,53.65,7.0,18.7775,394.3275,43740,12:56:00,Ewallet,375.55,4.761904762,18.7775,5.2
559-98-9873,C,Delhi,Member,Female,Fashion accessories,53.65,7.0,18.7775,394.3275,43740,12:56:00,Cash,375.55,4.761904762,18.7775,5.2
132-32-9879,B,Mumbai,Member,Male,Electronic accessories,93.96,4.0,18.792,394.632,43711,18:00:00,Cash,375.84,4.761904762,18.792,9.5
731-42-7043,B,Mumbai,Member,Male,Electronic accessories,93.96,4.0,18.792,394.632,43711,18:00:00,Cash,375.84,4.761904762,18.792,9.5
558-49-3716,C,Hyderabad,Member,Male,Food and beverages,94.26,4.0,18.852,395.892,43802,16:30:00,Cash,377.04,4.761904762,18.852,8.6
719-76-3868,C,Mumbai,Normal,Male,Food and beverages,94.26,4.0,18.852,395.892,43802,16:30:00,Cash,377.04,4.761904762,18.852,8.6
115-87-8713,B,Mumbai,Normal,Male,Electronic accessories,75.66,5.0,18.915,397.215,1/15/2019,18:22:00,Ewallet,378.3,4.761904762,18.915,7.8
369-82-2676,C,Mumbai,Normal,Male,Electronic accessories,75.66,5.0,18.915,397.215,1/15/2019,18:22:00,Cash,378.3,4.761904762,18.915,7.8
550-38-7754,C,Mumbai,Normal,Male,Food and beverages,75.66,5.0,18.915,397.215,1/15/2019,18:22:00,Cash,378.3,4.761904762,18.915,7.8
749-81-8133,A,Mumbai,Normal,Female,Fashion accessories,94.67,4.0,18.934,397.614,43772,12:04:00,Cash,378.68,4.761904762,18.934,6.8
501-61-1753,B,Mumbai,Normal,Female,Home and lifestyle,63.15,6.0,18.945,397.845,43525,20:24:00,Cash,378.9,4.761904762,18.945,9.8
534-53-3526,A,Mumbai,Normal,Female,Sports and travel,94.76,4.0,18.952,397.992,43771,16:06:00,Ewallet,379.04,4.761904762,18.952,7.8
889-23-5115,A,Mumbai,Normal,Male,Food and beverages,94.76,4.0,18.952,397.992,43771,16:06:00,Ewallet,379.04,4.761904762,18.952,7.8
173-82-9529,C,Mumbai,Normal,Female,Fashion accessories,37.95,10.0,18.975,398.475,1/26/2019,14:51:00,Cash,379.5,4.761904762,18.975,9.7
719-42-3819,B,Mumbai,Normal,Male,Fashion accessories,37.95,10.0,18.975,398.475,1/26/2019,14:51:00,Cash,379.5,4.761904762,18.975,9.7
595-27-4851,C,Delhi,Normal,Female,Fashion accessories,54.28,7.0,18.998,398.958,1/27/2019,18:05:00,Cash,379.96,4.761904762,18.998,9.3
752-54-8363,A,Delhi,Normal,Male,Fashion accessories,54.28,7.0,18.998,398.958,1/27/2019,18:05:00,Cash,379.96,4.761904762,18.998,9.3
720-37-8352,C,Delhi,Normal,Female,Fashion accessories,54.28,7.0,18.998,398.958,1/27/2019,18:05:00,Cash,379.96,4.761904762,18.998,
530-90-9855,A,Delhi,Member,Male,Home and lifestyle,47.59,8.0,19.036,399.756,43466,14:47:00,Cash,380.72,4.761904762,19.036,5.7
376-56-3573,C,Mumbai,Normal,Male,Fashion accessories,95.42,4.0,19.084,400.764,43498,13:23:00,Cash,381.68,4.761904762,19.084,6.4
236-55-9867,C,Mumbai,Normal,Male,Food and beverages,95.42,4.0,19.084,400.764,43498,13:23:00,Cash,381.68,4.761904762,19.084,6.4
311-90-8903,B,Mumbai,Member,Male,Sports and travel,95.54,4.0,19.108,401.268,2/26/2019,11:58:00,Cash,382.16,4.761904762,19.108,4.5
707-32-7409,B,Mumbai,Member,Female,Sports and travel,95.54,4.0,19.108,401.268,2/26/2019,11:58:00,Ewallet,382.16,4.761904762,19.108,4.5
349-19-2153,B,Mumbai,Member,Male,Sports and travel,95.54,4.0,19.108,401.268,2/26/2019,11:58:00,Cash,382.16,4.761904762,19.108,4.5
394-92-1211,B,Mumbai,Normal,Male,Electronic accessories,95.64,4.0,19.128,401.688,3/16/2019,18:51:00,Cash,382.56,4.761904762,19.128,7.9
711-31-1234,B,Mumbai,Normal,Female,Electronic accessories,95.64,4.0,19.128,401.688,3/16/2019,18:51:00,Cash,382.56,4.761904762,19.128,7.9
601-19-8551,C,Mumbai,Normal,Male,Electronic accessories,95.64,4.0,19.128,401.688,3/16/2019,18:51:00,Cash,382.56,4.761904762,19.128,7.9
362-58-8315,C,Hyderabad,Normal,Male,Fashion accessories,76.52,5.0,19.13,401.73,3/25/2019,10:23:00,Cash,382.6,4.761904762,19.13,9.9
833-97-5377,C,Hyderabad,Normal,Male,Food and beverages,76.52,5.0,19.13,401.73,3/25/2019,10:23:00,Cash,382.6,4.761904762,19.13,9.9
115-99-4379,B,Mumbai,Normal,Female,Fashion accessories,54.73,7.0,19.1555,402.2655,3/14/2019,19:02:00,Credit card,383.11,4.761904762,19.1555,8.5
524-99-5479,B,Mumbai,Member,Male,Fashion accessories,54.73,7.0,19.1555,402.2655,3/14/2019,19:02:00,Credit card,383.11,4.761904762,19.1555,8.5
869-11-3082,B,Mumbai,Member,Male,Food and beverages,96.16,4.0,19.232,403.872,1/27/2019,20:03:00,Cash,384.64,4.761904762,19.232,8.4
566-71-1091,A,Mumbai,Normal,Male,Fashion accessories,77.02,5.0,19.255,404.355,43526,15:59:00,Cash,385.1,4.761904762,19.255,5.5
266-20-6657,C,Hyderabad,Member,Male,Food and beverages,55.04,7.0,19.264,404.544,43802,19:39:00,Ewallet,385.28,4.761904762,19.264,5.2
925-74-5437,C,Mumbai,Member,Male,Food and beverages,55.04,7.0,19.264,404.544,43802,19:39:00,Ewallet,385.28,4.761904762,19.264,5.2
374-17-3652,B,Mumbai,Normal,Female,Food and beverages,42.82,9.0,19.269,404.649,43587,15:26:00,Cash,385.38,4.761904762,19.269,8.9
426-80-5869,B,Mumbai,Member,Female,Food and beverages,42.82,9.0,19.269,404.649,43587,15:26:00,Cash,385.38,4.761904762,19.269,8.9
709-85-6268,C,Mumbai,Normal,Female,Food and beverages,42.82,9.0,19.269,404.649,43587,15:26:00,Cash,385.38,4.761904762,19.269,8.9
446-23-4398,C,Mumbai,Member,Male,Food and beverages,42.82,9.0,19.269,404.649,43587,15:26:00,Cash,385.38,4.761904762,19.269,8.9
726-27-2396,C,Delhi,Normal,Female,Health and beauty,77.5,5.0,19.375,406.875,1/24/2019,20:36:00,Ewallet,387.5,4.761904762,19.375,4.3
595-86-2894,C,Mumbai,Member,Male,Fashion accessories,96.98,4.0,19.396,407.316,43618,17:20:00,Ewallet,387.92,4.761904762,19.396,9.4
630-80-9474,C,Hyderabad,Member,Male,Fashion accessories,96.98,4.0,19.396,407.316,43618,17:20:00,Ewallet,387.92,4.761904762,19.396,9.4
142-19-6826,C,Mumbai,Member,Male,Fashion accessories,96.98,4.0,19.396,407.316,43618,17:20:00,Ewallet,387.92,4.761904762,19.396,
655-73-2921,C,Hyderabad,Member,Male,Fashion accessories,96.98,4.0,19.396,407.316,43618,17:20:00,Ewallet,387.92,4.761904762,19.396,
560-20-2696,A,Delhi,Member,Male,Electronic accessories,48.62,8.0,19.448,408.408,1/24/2019,10:57:00,Cash,388.96,4.761904762,19.448,5.0
778-34-2523,A,Mumbai,Member,Female,Electronic accessories,48.62,8.0,19.448,408.408,1/24/2019,10:57:00,Cash,388.96,4.761904762,19.448,5.0
210-74-9613,C,Mumbai,Normal,Male,Fashion accessories,97.26,4.0,19.452,408.492,3/16/2019,15:33:00,Ewallet,389.04,4.761904762,19.452,6.8
770-92-6658,C,Hyderabad,Normal,Male,Fashion accessories,97.26,4.0,19.452,408.492,3/16/2019,15:33:00,Ewallet,389.04,4.761904762,19.452,6.8
733-29-1227,C,Mumbai,Normal,Male,Home and lifestyle,55.61,7.0,19.4635,408.7335,3/23/2019,12:41:00,Cash,389.27,4.761904762,19.4635,8.5
276-54-0879,B,Mumbai,Normal,Male,Sports and travel,97.74,4.0,19.548,410.508,43802,19:53:00,Cash,390.96,4.761904762,19.548,6.4
228-15-4452,A,Mumbai,Normal,Male,Food and beverages,97.74,4.0,19.548,410.508,43802,19:53:00,Ewallet,390.96,4.761904762,19.548,6.4
433-75-6987,B,Mumbai,Normal,Female,Health and beauty,55.97,7.0,19.5895,411.3795,43588,19:06:00,Cash,391.79,4.761904762,19.5895,8.9
496-61-9305,C,Mumbai,Normal,Male,Health and beauty,55.97,7.0,19.5895,411.3795,43588,19:06:00,Cash,391.79,4.761904762,19.5895,8.9
200-40-6154,B,Mumbai,Member,Male,Home and lifestyle,65.91,6.0,19.773,415.233,43710,11:45:00,Cash,395.46,4.761904762,19.773,5.7
213-32-1216,C,Delhi,Normal,Female,Electronic accessories,66.06,6.0,19.818,416.178,1/23/2019,10:28:00,Cash,396.36,4.761904762,19.818,7.3
701-26-7409,A,Delhi,Normal,Male,Electronic accessories,66.06,6.0,19.818,416.178,1/23/2019,10:28:00,Cash,396.36,4.761904762,19.818,7.3
183-56-6882,C,Hyderabad,Member,Male,Food and beverages,99.42,4.0,19.884,417.564,43618,10:42:00,Ewallet,397.68,4.761904762,19.884,7.5
982-55-2341,A,Mumbai,Member,Female,Food and beverages,99.42,4.0,19.884,417.564,43618,10:42:00,Ewallet,397.68,4.761904762,19.884,7.5
548-46-9322,B,Mumbai,Normal,Male,Food and beverages,39.9,10.0,19.95,418.95,2/20/2019,15:24:00,Credit card,399.0,4.761904762,19.95,5.9
651-46-4431,B,Mumbai,Normal,Male,Food and beverages,39.9,10.0,19.95,418.95,2/20/2019,15:24:00,Credit card,399.0,4.761904762,19.95,5.9
914-59-4025,B,Hyderabad,Normal,Male,Food and beverages,39.9,10.0,19.95,418.95,2/20/2019,15:24:00,Credit card,399.0,4.761904762,19.95,
659-36-1684,C,Hyderabad,Member,Male,Sports and travel,57.12,7.0,19.992,419.832,43800,12:02:00,Credit card,399.84,4.761904762,19.992,6.5
591-22-9359,C,Hyderabad,Member,Male,Sports and travel,57.12,7.0,19.992,419.832,43800,12:02:00,Credit card,399.84,4.761904762,19.992,
316-55-4634,B,Mumbai,Member,Male,Food and beverages,80.05,5.0,20.0125,420.2625,1/26/2019,12:45:00,Cash,400.25,4.761904762,20.0125,9.4
603-43-9576,B,Mumbai,Member,Male,Food and beverages,80.05,5.0,20.0125,420.2625,1/26/2019,12:45:00,Credit card,400.25,4.761904762,20.0125,9.4
773-34-3059,B,Mumbai,Member,Male,Food and beverages,80.05,5.0,20.0125,420.2625,1/26/2019,12:45:00,Cash,400.25,4.761904762,20.0125,9.4
247-15-9316,B,Mumbai,Member,Male,Food and beverages,80.05,5.0,20.0125,420.2625,1/26/2019,12:45:00,Credit card,400.25,4.761904762,20.0125,
380-60-5336,A,Mumbai,Normal,Female,Electronic accessories,40.26,10.0,20.13,422.73,2/24/2019,18:06:00,Cash,402.6,4.761904762,20.13,5.0
921-39-2085,A,Mumbai,Normal,Male,Food and beverages,40.26,10.0,20.13,422.73,2/24/2019,18:06:00,Credit card,402.6,4.761904762,20.13,5.0
891-62-9685,C,Mumbai,Normal,Female,Electronic accessories,40.26,10.0,20.13,422.73,2/24/2019,18:06:00,Cash,402.6,4.761904762,20.13,5.0
139-20-0155,B,Mumbai,Normal,Male,Electronic accessories,40.3,10.0,20.15,423.15,1/24/2019,17:37:00,Credit card,403.0,4.761904762,20.15,7.0
139-56-8317,B,Mumbai,Member,Male,Electronic accessories,40.3,10.0,20.15,423.15,1/24/2019,17:37:00,Credit card,403.0,4.761904762,20.15,7.0
377-79-7592,C,Mumbai,Member,Female,Electronic accessories,44.84,9.0,20.178,423.738,1/14/2019,14:00:00,Cash,403.56,4.761904762,20.178,7.5
688-12-8347,C,Hyderabad,Member,Male,Electronic accessories,44.84,9.0,20.178,423.738,1/14/2019,14:00:00,Credit card,403.56,4.761904762,20.178,7.5
684-38-2095,C,Mumbai,Member,Female,Food and beverages,44.84,9.0,20.178,423.738,1/14/2019,14:00:00,Cash,403.56,4.761904762,20.178,7.5
472-15-9636,C,Delhi,Normal,Male,Home and lifestyle,50.93,8.0,20.372,427.812,3/22/2019,19:36:00,Ewallet,407.44,4.761904762,20.372,9.2
503-07-0930,C,Hyderabad,Member,Male,Sports and travel,58.39,7.0,20.4365,429.1665,2/23/2019,19:49:00,Cash,408.73,4.761904762,20.4365,8.2
903-13-9866,C,Mumbai,Member,Male,Food and beverages,58.39,7.0,20.4365,429.1665,2/23/2019,19:49:00,Credit card,408.73,4.761904762,20.4365,8.2
834-83-1826,C,Mumbai,Member,Female,Home and lifestyle,82.04,5.0,20.51,430.71,2/25/2019,17:16:00,Credit card,410.2,4.761904762,20.51,7.6
522-57-8364,A,Mumbai,Member,Male,Fashion accessories,51.34,8.0,20.536,431.256,1/31/2019,10:00:00,Cash,410.72,4.761904762,20.536,7.6
534-75-4911,B,Mumbai,Normal,Male,Fashion accessories,41.09,10.0,20.545,431.445,2/28/2019,14:42:00,Cash,410.9,4.761904762,20.545,7.3
709-58-4068,C,Mumbai,Normal,Female,Fashion accessories,41.09,10.0,20.545,431.445,2/28/2019,14:42:00,Cash,410.9,4.761904762,20.545,7.3
420-18-8989,C,Delhi,Member,Female,Sports and travel,51.52,8.0,20.608,432.768,43498,15:47:00,Cash,412.16,4.761904762,20.608,9.6
639-42-5912,A,Delhi,Member,Male,Sports and travel,51.52,8.0,20.608,432.768,43498,15:47:00,Cash,412.16,4.761904762,20.608,9.6
711-60-3357,C,Delhi,Member,Male,Sports and travel,51.52,8.0,20.608,432.768,43498,15:47:00,Cash,412.16,4.761904762,20.608,9.6
469-96-4871,A,Hyderabad,Member,Male,Sports and travel,51.52,8.0,20.608,432.768,43498,15:47:00,Cash,412.16,4.761904762,20.608,
152-47-5857,A,Delhi,Normal,Male,Sports and travel,58.91,7.0,20.6185,432.9885,1/17/2019,15:15:00,Ewallet,412.37,4.761904762,20.6185,9.7
497-37-6538,A,Mumbai,Normal,Male,Sports and travel,58.91,7.0,20.6185,432.9885,1/17/2019,15:15:00,Ewallet,412.37,4.761904762,20.6185,9.7
276-79-4400,A,Delhi,Member,Male,Electronic accessories,68.84,6.0,20.652,433.692,2/25/2019,14:36:00,Cash,413.04,4.761904762,20.652,5.8
355-53-5943,A,Delhi,Normal,Male,Electronic accessories,68.84,6.0,20.652,433.692,2/25/2019,14:36:00,Cash,413.04,4.761904762,20.652,5.8
920-46-1548,A,Delhi,Member,Male,Food and beverages,68.84,6.0,20.652,433.692,2/25/2019,14:36:00,Ewallet,413.04,4.761904762,20.652,5.8
992-75-9246,A,Delhi,Normal,Male,Food and beverages,68.84,6.0,20.652,433.692,2/25/2019,14:36:00,Cash,413.04,4.761904762,20.652,5.8
851-98-3555,B,Mumbai,Normal,Female,Food and beverages,82.88,5.0,20.72,435.12,3/24/2019,14:08:00,Cash,414.4,4.761904762,20.72,6.6
354-25-5821,B,Mumbai,Member,Male,Sports and travel,69.12,6.0,20.736,435.456,43679,13:03:00,Cash,414.72,4.761904762,20.736,5.6
219-72-4421,B,Mumbai,Member,Male,Food and beverages,69.12,6.0,20.736,435.456,43679,13:03:00,Cash,414.72,4.761904762,20.736,5.6
463-55-5119,C,Hyderabad,Normal,Male,Electronic accessories,41.65,10.0,20.825,437.325,1/13/2019,17:04:00,Credit card,416.5,4.761904762,20.825,5.4
732-94-0499,C,Hyderabad,Normal,Male,Electronic accessories,41.65,10.0,20.825,437.325,1/13/2019,17:04:00,Credit card,416.5,4.761904762,20.825,5.4
389-70-2397,C,Mumbai,Normal,Female,Health and beauty,83.66,5.0,20.915,439.215,2/21/2019,10:26:00,Cash,418.3,4.761904762,20.915,7.2
229-57-2022,C,Mumbai,Normal,Male,Health and beauty,83.66,5.0,20.915,439.215,2/21/2019,10:26:00,Cash,418.3,4.761904762,20.915,7.2
845-51-0542,B,Mumbai,Member,Male,Food and beverages,46.55,9.0,20.9475,439.8975,43498,15:34:00,Ewallet,418.95,4.761904762,20.9475,6.4
940-42-1315,B,Mumbai,Member,Male,Food and beverages,46.55,9.0,20.9475,439.8975,43498,15:34:00,Ewallet,418.95,4.761904762,20.9475,6.4
123-35-4896,C,Hyderabad,Normal,Female,Sports and travel,46.66,9.0,20.997,440.937,2/17/2019,19:11:00,Cash,419.94,4.761904762,20.997,5.3
542-39-6883,C,Hyderabad,Normal,Male,Sports and travel,46.66,9.0,20.997,440.937,2/17/2019,19:11:00,Ewallet,419.94,4.761904762,20.997,5.3
109-86-4363,B,Mumbai,Member,Female,Sports and travel,60.08,7.0,21.028,441.588,2/14/2019,11:36:00,Cash,420.56,4.761904762,21.028,4.5
321-84-1971,B,Mumbai,Member,Male,Sports and travel,60.08,7.0,21.028,441.588,2/14/2019,11:36:00,Cash,420.56,4.761904762,21.028,4.5
860-32-9265,B,Mumbai,Member,Male,Sports and travel,60.08,7.0,21.028,441.588,2/14/2019,11:36:00,Cash,420.56,4.761904762,21.028,4.5
730-70-9830,C,Mumbai,Normal,Female,Home and lifestyle,70.11,6.0,21.033,441.693,3/14/2019,17:54:00,Ewallet,420.66,4.761904762,21.033,5.2
227-03-5010,A,Delhi,Member,Female,Home and lifestyle,52.59,8.0,21.036,441.756,3/22/2019,19:20:00,Credit card,420.72,4.761904762,21.036,8.5
778-89-7974,C,Hyderabad,Normal,Male,Health and beauty,70.21,6.0,21.063,442.323,3/30/2019,14:58:00,Cash,421.26,4.761904762,21.063,7.4
781-84-8059,C,Mumbai,Normal,Male,Fashion accessories,60.74,7.0,21.259,446.439,1/18/2019,16:23:00,Cash,425.18,4.761904762,21.259,5.0
499-27-7781,B,Mumbai,Normal,Female,Food and beverages,53.21,8.0,21.284,446.964,3/14/2019,16:45:00,Cash,425.68,4.761904762,21.284,5.0
661-80-6321,B,Mumbai,Normal,Male,Food and beverages,53.21,8.0,21.284,446.964,3/14/2019,16:45:00,Ewallet,425.68,4.761904762,21.284,5.0
682-89-5092,B,Hyderabad,Normal,Male,Food and beverages,53.21,8.0,21.284,446.964,3/14/2019,16:45:00,Ewallet,425.68,4.761904762,21.284,
316-66-3011,A,Mumbai,Member,Female,Food and beverages,47.63,9.0,21.4335,450.1035,1/23/2019,12:35:00,Cash,428.67,4.761904762,21.4335,5.0
808-15-6097,A,Delhi,Member,Male,Food and beverages,47.63,9.0,21.4335,450.1035,1/23/2019,12:35:00,Cash,428.67,4.761904762,21.4335,5.0
238-67-5096,A,Mumbai,Member,Female,Food and beverages,47.63,9.0,21.4335,450.1035,1/23/2019,12:35:00,Cash,428.67,4.761904762,21.4335,5.0
460-84-2431,A,Delhi,Normal,Male,Sports and travel,85.91,5.0,21.4775,451.0275,3/22/2019,14:33:00,Credit card,429.55,4.761904762,21.4775,8.6
550-84-8664,C,Delhi,Normal,Male,Sports and travel,85.91,5.0,21.4775,451.0275,3/22/2019,14:33:00,Credit card,429.55,4.761904762,21.4775,8.6
357-18-8389,C,Hyderabad,Normal,Male,Electronic accessories,61.41,7.0,21.4935,451.3635,1/14/2019,10:02:00,Cash,429.87,4.761904762,21.4935,9.8
426-39-2418,C,Hyderabad,Normal,Male,Electronic accessories,61.41,7.0,21.4935,451.3635,1/14/2019,10:02:00,Cash,429.87,4.761904762,21.4935,9.8
503-44-1234,C,Hyderabad,Normal,Male,Food and beverages,61.41,7.0,21.4935,451.3635,1/14/2019,10:02:00,Cash,429.87,4.761904762,21.4935,9.8
723-25-8257,C,Hyderabad,Normal,Male,Electronic accessories,61.41,7.0,21.4935,451.3635,1/14/2019,10:02:00,Cash,429.87,4.761904762,21.4935,9.8
300-71-4605,C,Hyderabad,Member,Male,Electronic accessories,86.04,5.0,21.51,451.71,2/25/2019,11:24:00,Cash,430.2,4.761904762,21.51,4.8
693-89-9085,C,Hyderabad,Member,Male,Electronic accessories,86.04,5.0,21.51,451.71,2/25/2019,11:24:00,Ewallet,430.2,4.761904762,21.51,4.8
370-78-3838,A,Hyderabad,Member,Male,Electronic accessories,86.04,5.0,21.51,451.71,2/25/2019,11:24:00,Cash,430.2,4.761904762,21.51,4.8
405-31-3305,C,Delhi,Member,Male,Fashion accessories,43.13,10.0,21.565,452.865,43498,18:31:00,Cash,431.3,4.761904762,21.565,5.5
943-44-4556,A,Mumbai,Member,Male,Food and beverages,43.13,10.0,21.565,452.865,43498,18:31:00,Cash,431.3,4.761904762,21.565,5.5
214-45-4141,C,Delhi,Member,Male,Fashion accessories,43.13,10.0,21.565,452.865,43498,18:31:00,Cash,431.3,4.761904762,21.565,5.5
252-56-2699,A,Delhi,Normal,Male,Food and beverages,43.19,10.0,21.595,453.495,43648,16:48:00,Ewallet,431.9,4.761904762,21.595,8.2
555-22-9150,A,Delhi,Normal,Male,Food and beverages,43.19,10.0,21.595,453.495,43648,16:48:00,Ewallet,431.9,4.761904762,21.595,8.2
401-09-4232,C,Mumbai,Member,Male,Home and lifestyle,86.69,5.0,21.6725,455.1225,43771,18:38:00,Cash,433.45,4.761904762,21.6725,9.4
794-42-4509,C,Mumbai,Member,Male,Home and lifestyle,86.69,5.0,21.6725,455.1225,43771,18:38:00,Cash,433.45,4.761904762,21.6725,9.4
356-59-5578,B,Mumbai,Normal,Male,Food and beverages,62.08,7.0,21.728,456.288,43619,13:46:00,Cash,434.56,4.761904762,21.728,5.4
468-01-2051,B,Mumbai,Normal,Male,Food and beverages,62.08,7.0,21.728,456.288,43619,13:46:00,Ewallet,434.56,4.761904762,21.728,5.4
621-43-1837,C,Mumbai,Normal,Male,Food and beverages,62.08,7.0,21.728,456.288,43619,13:46:00,Cash,434.56,4.761904762,21.728,5.4
327-40-9673,C,Mumbai,Member,Male,Sports and travel,72.6,6.0,21.78,457.38,1/13/2019,19:51:00,Cash,435.6,4.761904762,21.78,6.9
499-47-9466,B,Mumbai,Member,Male,Sports and travel,72.6,6.0,21.78,457.38,1/13/2019,19:51:00,Cash,435.6,4.761904762,21.78,6.9
150-93-9866,C,Mumbai,Member,Male,Sports and travel,72.6,6.0,21.78,457.38,1/13/2019,19:51:00,Cash,435.6,4.761904762,21.78,6.9
765-26-6951,A,Delhi,Normal,Male,Sports and travel,72.61,6.0,21.783,457.443,43466,10:39:00,Credit card,435.66,4.761904762,21.783,6.9
800-09-8606,C,Delhi,Member,Female,Home and lifestyle,87.37,5.0,21.8425,458.6925,1/29/2019,19:45:00,Cash,436.85,4.761904762,21.8425,6.6
462-67-9126,A,Mumbai,Normal,Male,Home and lifestyle,73.22,6.0,21.966,461.286,1/21/2019,17:44:00,Cash,439.32,4.761904762,21.966,7.2
333-73-7901,C,Hyderabad,Normal,Male,Health and beauty,54.92,8.0,21.968,461.328,3/23/2019,13:24:00,Cash,439.36,4.761904762,21.968,7.6
935-49-0544,C,Hyderabad,Normal,Male,Health and beauty,54.92,8.0,21.968,461.328,3/23/2019,13:24:00,Cash,439.36,4.761904762,21.968,7.6
678-72-2766,C,Hyderabad,Member,Male,Electronic accessories,87.91,5.0,21.9775,461.5275,3/14/2019,18:10:00,Ewallet,439.55,4.761904762,21.9775,4.4
840-19-2096,C,Hyderabad,Member,Male,Electronic accessories,87.91,5.0,21.9775,461.5275,3/14/2019,18:10:00,Cash,439.55,4.761904762,21.9775,4.4
364-37-1995,C,Hyderabad,Member,Male,Electronic accessories,87.91,5.0,21.9775,461.5275,3/14/2019,18:10:00,Ewallet,439.55,4.761904762,21.9775,2.0
828-61-5674,A,Mumbai,Member,Male,Sports and travel,44.02,10.0,22.01,462.21,3/20/2019,19:57:00,Credit card,440.2,4.761904762,22.01,9.6
759-29-9521,A,Mumbai,Member,Female,Fashion accessories,48.96,9.0,22.032,462.672,43558,11:27:00,Cash,440.64,4.761904762,22.032,8.0
263-10-3913,C,Hyderabad,Member,Male,Fashion accessories,49.04,9.0,22.068,463.428,43709,14:20:00,Credit card,441.36,4.761904762,22.068,8.6
145-94-9061,B,Mumbai,Normal,Female,Food and beverages,88.36,5.0,22.09,463.89,1/25/2019,19:48:00,Cash,441.8,4.761904762,22.09,9.6
888-44-3398,B,Mumbai,Normal,Female,Food and beverages,88.36,5.0,22.09,463.89,1/25/2019,19:48:00,Cash,441.8,4.761904762,22.09,9.6
407-63-8975,A,Delhi,Normal,Male,Food and beverages,73.88,6.0,22.164,465.444,3/23/2019,19:16:00,Cash,443.28,4.761904762,22.164,4.4
582-21-3847,A,Delhi,Normal,Male,Food and beverages,73.88,6.0,22.164,465.444,3/23/2019,19:16:00,Ewallet,443.28,4.761904762,22.164,4.4
800-49-5686,C,Delhi,Normal,Male,Food and beverages,73.88,6.0,22.164,465.444,3/23/2019,19:16:00,Cash,443.28,4.761904762,22.164,4.4
760-90-2357,C,Delhi,Member,Male,Electronic accessories,74.51,6.0,22.353,469.413,3/20/2019,15:08:00,Ewallet,447.06,4.761904762,22.353,5.0
885-11-3607,A,Mumbai,Member,Male,Food and beverages,74.51,6.0,22.353,469.413,3/20/2019,15:08:00,Ewallet,447.06,4.761904762,22.353,5.0
361-85-2571,A,Delhi,Normal,Female,Sports and travel,89.48,5.0,22.37,469.77,3/30/2019,10:18:00,Cash,447.4,4.761904762,22.37,7.4
672-62-2988,A,Delhi,Normal,Male,Sports and travel,89.48,5.0,22.37,469.77,3/30/2019,10:18:00,Cash,447.4,4.761904762,22.37,7.4
994-21-8646,C,Delhi,Normal,Female,Food and beverages,89.48,5.0,22.37,469.77,3/30/2019,10:18:00,Cash,447.4,4.761904762,22.37,7.4
625-36-4223,A,Delhi,Normal,Male,Sports and travel,89.48,5.0,22.37,469.77,3/30/2019,10:18:00,Cash,447.4,4.761904762,22.37,
578-52-2888,B,Mumbai,Normal,Male,Electronic accessories,74.71,6.0,22.413,470.673,43466,19:07:00,Cash,448.26,4.761904762,22.413,6.7
891-01-7034,C,Mumbai,Normal,Female,Food and beverages,74.71,6.0,22.413,470.673,43466,19:07:00,Cash,448.26,4.761904762,22.413,6.7
458-10-8612,C,Hyderabad,Normal,Male,Health and beauty,64.08,7.0,22.428,470.988,1/20/2019,12:27:00,Cash,448.56,4.761904762,22.428,7.6
752-23-3760,C,Mumbai,Member,Female,Sports and travel,64.08,7.0,22.428,470.988,2/19/2019,19:29:00,Credit card,448.56,4.761904762,22.428,7.3
902-36-6169,B,Mumbai,Member,Male,Food and beverages,64.08,7.0,22.428,470.988,2/19/2019,19:29:00,Credit card,448.56,4.761904762,22.428,7.3
225-32-0908,C,Hyderabad,Normal,Male,Sports and travel,44.86,10.0,22.43,471.03,1/26/2019,19:54:00,Ewallet,448.6,4.761904762,22.43,8.2
130-98-8941,C,Hyderabad,Normal,Male,Fashion accessories,64.26,7.0,22.491,472.311,43710,10:00:00,Cash,449.82,4.761904762,22.491,5.7
268-27-6179,B,Mumbai,Member,Male,Fashion accessories,56.47,8.0,22.588,474.348,43711,14:57:00,Ewallet,451.76,4.761904762,22.588,7.3
501-14-6439,C,Hyderabad,Member,Male,Food and beverages,50.49,9.0,22.7205,477.1305,43739,17:16:00,Cash,454.41,4.761904762,22.7205,5.4
577-34-7579,C,Hyderabad,Member,Male,Food and beverages,50.49,9.0,22.7205,477.1305,43739,17:16:00,Cash,454.41,4.761904762,22.7205,5.4
609-23-5171,A,Delhi,Normal,Male,Electronic accessories,45.48,10.0,22.74,477.54,43468,10:22:00,Credit card,454.8,4.761904762,22.74,4.8
811-03-8790,C,Delhi,Normal,Female,Electronic accessories,45.48,10.0,22.74,477.54,43468,10:22:00,Credit card,454.8,4.761904762,22.74,4.8
527-71-4288,A,Delhi,Normal,Male,Electronic accessories,45.48,10.0,22.74,477.54,43468,10:22:00,Credit card,454.8,4.761904762,22.74,
542-73-4010,C,Hyderabad,Normal,Male,Electronic accessories,75.91,6.0,22.773,478.233,43711,18:21:00,Cash,455.46,4.761904762,22.773,8.7
841-35-6630,C,Hyderabad,Normal,Male,Electronic accessories,75.91,6.0,22.773,478.233,43711,18:21:00,Cash,455.46,4.761904762,22.773,8.7
809-69-9497,A,Delhi,Normal,Female,Home and lifestyle,45.68,10.0,22.84,479.64,1/19/2019,19:30:00,Cash,456.8,4.761904762,22.84,5.7
522-85-2496,A,Delhi,Member,Male,Sports and travel,91.41,5.0,22.8525,479.9025,2/25/2019,16:03:00,Ewallet,457.05,4.761904762,22.8525,7.1
719-89-8991,C,Delhi,Member,Female,Sports and travel,91.41,5.0,22.8525,479.9025,2/25/2019,16:03:00,Ewallet,457.05,4.761904762,22.8525,7.1
102-77-2261,C,Mumbai,Member,Male,Health and beauty,65.31,7.0,22.8585,480.0285,43588,18:02:00,Credit card,457.17,4.761904762,22.8585,4.2
782-95-9291,A,Delhi,Member,Male,Food and beverages,92.29,5.0,23.0725,484.5225,2/20/2019,15:55:00,Credit card,461.45,4.761904762,23.0725,9.0
841-18-5182,A,Delhi,Member,Male,Food and beverages,92.29,5.0,23.0725,484.5225,2/20/2019,15:55:00,Credit card,461.45,4.761904762,23.0725,9.0
142-63-6033,B,Mumbai,Normal,Male,Home and lifestyle,92.36,5.0,23.09,484.89,3/20/2019,19:17:00,Ewallet,461.8,4.761904762,23.09,4.9
122-61-9553,C,Mumbai,Normal,Female,Electronic accessories,51.32,9.0,23.094,484.974,3/14/2019,19:33:00,Cash,461.88,4.761904762,23.094,5.6
913-42-4981,C,Mumbai,Normal,Male,Food and beverages,51.32,9.0,23.094,484.974,3/14/2019,19:33:00,Cash,461.88,4.761904762,23.094,5.6
318-68-5053,B,Mumbai,Normal,Male,Health and beauty,76.99,6.0,23.097,485.037,2/27/2019,17:55:00,Cash,461.94,4.761904762,23.097,6.1
183-77-0636,B,Mumbai,Normal,Male,Health and beauty,76.99,6.0,23.097,485.037,2/27/2019,17:55:00,Cash,461.94,4.761904762,23.097,6.1
607-76-6216,C,Mumbai,Member,Female,Fashion accessories,92.49,5.0,23.1225,485.5725,43499,16:35:00,Credit card,462.45,4.761904762,23.1225,8.6
458-29-5358,C,Mumbai,Member,Female,Fashion accessories,92.49,5.0,23.1225,485.5725,43499,16:35:00,Credit card,462.45,4.761904762,23.1225,2.0
114-35-5271,B,Mumbai,Normal,Female,Electronic accessories,57.91,8.0,23.164,486.444,43648,15:06:00,Cash,463.28,4.761904762,23.164,8.1
612-54-7702,B,Mumbai,Normal,Male,Electronic accessories,57.91,8.0,23.164,486.444,43648,15:06:00,Cash,463.28,4.761904762,23.164,8.1
981-56-2140,B,Mumbai,Normal,Male,Electronic accessories,57.91,8.0,23.164,486.444,43648,15:06:00,Cash,463.28,4.761904762,23.164,
206-35-4491,C,Hyderabad,Member,Male,Electronic accessories,46.57,10.0,23.285,488.985,1/27/2019,13:58:00,Cash,465.7,4.761904762,23.285,7.6
325-90-8763,C,Hyderabad,Member,Female,Electronic accessories,46.57,10.0,23.285,488.985,1/27/2019,13:58:00,Cash,465.7,4.761904762,23.285,7.6
798-34-8143,C,Hyderabad,Member,Female,Electronic accessories,46.57,10.0,23.285,488.985,1/27/2019,13:58:00,Cash,465.7,4.761904762,23.285,7.6
123-19-1176,A,Delhi,Normal,Male,Health and beauty,58.22,8.0,23.288,489.048,1/27/2019,20:33:00,Ewallet,465.76,4.761904762,23.288,8.4
239-10-7476,A,Delhi,Normal,Male,Home and lifestyle,77.95,6.0,23.385,491.085,1/21/2019,16:37:00,Ewallet,467.7,4.761904762,23.385,8.0
744-02-5987,A,Mumbai,Normal,Male,Home and lifestyle,78.38,6.0,23.514,493.794,43739,14:16:00,Ewallet,470.28,4.761904762,23.514,5.8
871-79-8483,B,Mumbai,Normal,Male,Food and beverages,94.13,5.0,23.5325,494.1825,2/25/2019,19:39:00,Credit card,470.65,4.761904762,23.5325,4.8
704-11-6354,A,Mumbai,Member,Male,Home and lifestyle,58.9,8.0,23.56,494.76,43617,11:23:00,Cash,471.2,4.761904762,23.56,8.9
474-33-8305,C,Mumbai,Member,Male,Fashion accessories,67.39,7.0,23.5865,495.3165,3/23/2019,13:23:00,Cash,471.73,4.761904762,23.5865,6.9
372-62-5264,C,Hyderabad,Normal,Female,Food and beverages,52.6,9.0,23.67,497.07,1/16/2019,14:42:00,Cash,473.4,4.761904762,23.67,7.6
536-18-7315,C,Hyderabad,Normal,Female,Food and beverages,52.6,9.0,23.67,497.07,1/16/2019,14:42:00,Cash,473.4,4.761904762,23.67,7.6
265-10-2215,C,Hyderabad,Normal,Female,Food and beverages,52.6,9.0,23.67,497.07,1/16/2019,14:42:00,Cash,473.4,4.761904762,23.67,7.6
201-63-8275,C,Mumbai,Member,Female,Sports and travel,67.99,7.0,23.7965,499.7265,2/17/2019,16:50:00,Ewallet,475.93,4.761904762,23.7965,5.7
982-50-1245,A,Mumbai,Member,Male,Food and beverages,67.99,7.0,23.7965,499.7265,2/17/2019,16:50:00,Ewallet,475.93,4.761904762,23.7965,5.7
532-59-7201,B,Mumbai,Normal,Male,Sports and travel,79.93,6.0,23.979,503.559,1/31/2019,14:04:00,Cash,479.58,4.761904762,23.979,5.5
160-22-2687,A,Mumbai,Member,Female,Health and beauty,95.95,5.0,23.9875,503.7375,1/23/2019,14:21:00,Cash,479.75,4.761904762,23.9875,8.8
656-95-9349,A,Delhi,Member,Female,Health and beauty,68.93,7.0,24.1255,506.6355,43772,11:03:00,Credit card,482.51,4.761904762,24.1255,4.6
237-33-1289,A,Hyderabad,Member,Female,Health and beauty,68.93,7.0,24.1255,506.6355,43772,11:03:00,Credit card,482.51,4.761904762,24.1255,2.0
267-32-6808,C,Hyderabad,Normal,Female,Fashion accessories,60.41,8.0,24.164,507.444,43648,12:23:00,Ewallet,483.28,4.761904762,24.164,9.6
626-43-7888,C,Hyderabad,Normal,Female,Fashion accessories,60.41,8.0,24.164,507.444,43648,12:23:00,Ewallet,483.28,4.761904762,24.164,9.6
259-37-1193,C,Hyderabad,Normal,Female,Fashion accessories,60.41,8.0,24.164,507.444,43648,12:23:00,Ewallet,483.28,4.761904762,24.164,2.0
667-23-5919,A,Mumbai,Member,Female,Fashion accessories,96.7,5.0,24.175,507.675,1/14/2019,12:52:00,Ewallet,483.5,4.761904762,24.175,7.0
746-31-6188,A,Delhi,Member,Male,Fashion accessories,96.7,5.0,24.175,507.675,1/14/2019,12:52:00,Ewallet,483.5,4.761904762,24.175,7.0
378-13-9143,A,Hyderabad,Member,Female,Fashion accessories,96.7,5.0,24.175,507.675,1/14/2019,12:52:00,Ewallet,483.5,4.761904762,24.175,
661-44-4872,A,Delhi,Member,Male,Food and beverages,80.62,6.0,24.186,507.906,2/28/2019,20:18:00,Cash,483.72,4.761904762,24.186,9.1
786-94-2700,C,Delhi,Member,Male,Food and beverages,80.62,6.0,24.186,507.906,2/28/2019,20:18:00,Cash,483.72,4.761904762,24.186,9.1
270-69-4787,A,Hyderabad,Member,Male,Food and beverages,80.62,6.0,24.186,507.906,2/28/2019,20:18:00,Cash,483.72,4.761904762,24.186,
416-13-5917,C,Mumbai,Normal,Female,Food and beverages,97.03,5.0,24.2575,509.4075,1/30/2019,16:24:00,Cash,485.15,4.761904762,24.2575,9.3
854-42-4707,C,Hyderabad,Normal,Female,Food and beverages,97.03,5.0,24.2575,509.4075,1/30/2019,16:24:00,Ewallet,485.15,4.761904762,24.2575,9.3
690-77-4429,C,Mumbai,Normal,Male,Food and beverages,97.03,5.0,24.2575,509.4075,1/30/2019,16:24:00,Cash,485.15,4.761904762,24.2575,9.3
689-05-1884,C,Delhi,Member,Male,Health and beauty,48.63,10.0,24.315,510.615,43558,12:44:00,Cash,486.3,4.761904762,24.315,8.8
197-15-7923,C,Hyderabad,Member,Male,Fashion accessories,54.07,9.0,24.3315,510.9615,1/27/2019,14:55:00,Ewallet,486.63,4.761904762,24.3315,9.5
394-41-0748,C,Mumbai,Member,Female,Fashion accessories,54.07,9.0,24.3315,510.9615,1/27/2019,14:55:00,Cash,486.63,4.761904762,24.3315,9.5
810-48-7807,C,Mumbai,Member,Male,Fashion accessories,54.07,9.0,24.3315,510.9615,1/27/2019,14:55:00,Cash,486.63,4.761904762,24.3315,9.5
105-31-1824,A,Delhi,Member,Male,Sports and travel,69.52,7.0,24.332,510.972,43467,15:10:00,Credit card,486.64,4.761904762,24.332,8.5
483-71-1164,C,Hyderabad,Normal,Male,Health and beauty,81.3,6.0,24.39,512.19,43680,16:43:00,Ewallet,487.8,4.761904762,24.39,5.3
582-52-8065,C,Mumbai,Normal,Female,Fashion accessories,54.31,9.0,24.4395,513.2295,2/22/2019,10:49:00,Cash,488.79,4.761904762,24.4395,8.9
677-87-8644,B,Mumbai,Normal,Male,Fashion accessories,54.31,9.0,24.4395,513.2295,2/22/2019,10:49:00,Cash,488.79,4.761904762,24.4395,8.9
488-75-4618,B,Mumbai,Normal,Male,Fashion accessories,54.31,9.0,24.4395,513.2295,2/22/2019,10:49:00,Cash,488.79,4.761904762,24.4395,
624-01-8356,B,Mumbai,Normal,Female,Home and lifestyle,49.01,10.0,24.505,514.605,1/27/2019,10:44:00,Cash,490.1,4.761904762,24.505,4.2
637-18-4786,B,Hyderabad,Normal,Female,Home and lifestyle,49.01,10.0,24.505,514.605,1/27/2019,10:44:00,Cash,490.1,4.761904762,24.505,
418-88-7755,A,Delhi,Normal,Male,Food and beverages,81.71,6.0,24.513,514.773,1/27/2019,14:36:00,Cash,490.26,4.761904762,24.513,8.0
534-01-4457,C,Delhi,Normal,Male,Food and beverages,81.71,6.0,24.513,514.773,1/27/2019,14:36:00,Cash,490.26,4.761904762,24.513,8.0
965-15-6803,C,Delhi,Normal,Male,Food and beverages,81.71,6.0,24.513,514.773,1/27/2019,14:36:00,Cash,490.26,4.761904762,24.513,8.0
176-32-9872,C,Hyderabad,Normal,Male,Sports and travel,49.33,10.0,24.665,517.965,43526,16:40:00,Credit card,493.3,4.761904762,24.665,9.4
718-57-9773,C,Hyderabad,Normal,Female,Sports and travel,49.33,10.0,24.665,517.965,43526,16:40:00,Credit card,493.3,4.761904762,24.665,9.4
347-34-2234,B,Mumbai,Member,Male,Sports and travel,55.07,9.0,24.7815,520.4115,43526,13:40:00,Cash,495.63,4.761904762,24.7815,10.0
422-98-1333,B,Mumbai,Member,Male,Food and beverages,55.07,9.0,24.7815,520.4115,43526,13:40:00,Cash,495.63,4.761904762,24.7815,10.0
552-44-5977,B,Mumbai,Member,Male,Health and beauty,62.0,8.0,24.8,520.8,43525,19:08:00,Cash,496.0,4.761904762,24.8,6.2
733-01-9107,B,Mumbai,Normal,Male,Home and lifestyle,82.7,6.0,24.81,521.01,43588,18:14:00,Cash,496.2,4.761904762,24.81,7.4
655-50-7195,B,Mumbai,Normal,Female,Food and beverages,99.69,5.0,24.9225,523.3725,1/14/2019,12:09:00,Cash,498.45,4.761904762,24.9225,9.9
868-52-7573,C,Mumbai,Normal,Female,Food and beverages,99.69,5.0,24.9225,523.3725,1/14/2019,12:09:00,Cash,498.45,4.761904762,24.9225,9.9
394-84-4136,B,Hyderabad,Normal,Female,Food and beverages,99.69,5.0,24.9225,523.3725,1/14/2019,12:09:00,Cash,498.45,4.761904762,24.9225,
448-79-2924,A,Delhi,Member,Male,Food and beverages,99.78,5.0,24.945,523.845,43711,19:09:00,Cash,498.9,4.761904762,24.945,5.4
815-11-1168,A,Mumbai,Normal,Male,Food and beverages,99.78,5.0,24.945,523.845,43711,19:09:00,Cash,498.9,4.761904762,24.945,5.4
130-33-8255,C,Delhi,Normal,Male,Food and beverages,99.78,5.0,24.945,523.845,43711,19:09:00,Cash,498.9,4.761904762,24.945,5.4
376-78-5942,C,Mumbai,Normal,Male,Food and beverages,99.78,5.0,24.945,523.845,43711,19:09:00,Cash,498.9,4.761904762,24.945,5.4
451-28-5717,C,Hyderabad,Member,Female,Home and lifestyle,83.17,6.0,24.951,523.971,3/20/2019,11:23:00,Cash,499.02,4.761904762,24.951,7.3
174-20-6423,C,Mumbai,Normal,Female,Food and beverages,83.17,6.0,24.951,523.971,3/20/2019,11:23:00,Cash,499.02,4.761904762,24.951,7.3
944-58-6512,C,Mumbai,Normal,Male,Food and beverages,83.17,6.0,24.951,523.971,3/20/2019,11:23:00,Cash,499.02,4.761904762,24.951,7.3
401-66-8874,A,Delhi,Normal,Male,Fashion accessories,71.46,7.0,25.011,525.231,3/28/2019,16:06:00,Cash,500.22,4.761904762,25.011,4.5
857-16-3520,C,Delhi,Member,Female,Food and beverages,71.46,7.0,25.011,525.231,3/28/2019,16:06:00,Ewallet,500.22,4.761904762,25.011,4.5
331-46-1484,C,Delhi,Normal,Male,Fashion accessories,71.46,7.0,25.011,525.231,3/28/2019,16:06:00,Cash,500.22,4.761904762,25.011,4.5
186-79-9562,C,Mumbai,Normal,Male,Health and beauty,71.77,7.0,25.1195,527.5095,3/29/2019,14:06:00,Cash,502.39,4.761904762,25.1195,8.9
767-05-1286,C,Hyderabad,Member,Female,Home and lifestyle,83.77,6.0,25.131,527.751,1/23/2019,12:10:00,Ewallet,502.62,4.761904762,25.131,5.4
617-61-9038,B,Mumbai,Normal,Female,Food and beverages,84.05,6.0,25.215,529.515,1/29/2019,10:48:00,Credit card,504.3,4.761904762,25.215,7.7
862-17-9201,C,Mumbai,Normal,Female,Food and beverages,84.05,6.0,25.215,529.515,1/29/2019,10:48:00,Cash,504.3,4.761904762,25.215,7.7
769-55-3206,B,Mumbai,Normal,Female,Food and beverages,84.05,6.0,25.215,529.515,1/29/2019,10:48:00,Credit card,504.3,4.761904762,25.215,
411-77-0180,A,Mumbai,Normal,Male,Electronic accessories,72.2,7.0,25.27,530.67,3/26/2019,20:14:00,Cash,505.4,4.761904762,25.27,4.3
561-38-4926,A,Delhi,Member,Male,Electronic accessories,72.2,7.0,25.27,530.67,3/26/2019,20:14:00,Ewallet,505.4,4.761904762,25.27,4.3
601-14-9542,C,Mumbai,Normal,Male,Electronic accessories,72.2,7.0,25.27,530.67,3/26/2019,20:14:00,Cash,505.4,4.761904762,25.27,4.3
721-86-6247,A,Delhi,Normal,Male,Home and lifestyle,63.42,8.0,25.368,532.728,43772,12:55:00,Ewallet,507.36,4.761904762,25.368,7.4
227-78-1148,B,Mumbai,Normal,Male,Fashion accessories,72.84,7.0,25.494,535.374,2/15/2019,12:44:00,Cash,509.88,4.761904762,25.494,8.4
370-41-7321,B,Mumbai,Member,Male,Health and beauty,56.69,9.0,25.5105,535.7205,2/27/2019,17:24:00,Cash,510.21,4.761904762,25.5105,8.4
287-44-2643,C,Mumbai,Member,Male,Food and beverages,56.69,9.0,25.5105,535.7205,2/27/2019,17:24:00,Cash,510.21,4.761904762,25.5105,8.4
410-67-1709,A,Mumbai,Member,Female,Fashion accessories,63.88,8.0,25.552,536.592,1/20/2019,17:48:00,Cash,511.04,4.761904762,25.552,9.9
861-97-7222,C,Mumbai,Member,Male,Fashion accessories,63.88,8.0,25.552,536.592,1/20/2019,17:48:00,Cash,511.04,4.761904762,25.552,9.9
336-78-2147,C,Hyderabad,Member,Male,Home and lifestyle,63.91,8.0,25.564,536.844,3/13/2019,19:52:00,Cash,511.28,4.761904762,25.564,4.6
306-44-1096,C,Hyderabad,Member,Male,Food and beverages,63.91,8.0,25.564,536.844,3/13/2019,19:52:00,Cash,511.28,4.761904762,25.564,4.6
268-33-6771,B,Mumbai,Normal,Male,Food and beverages,73.06,7.0,25.571,536.991,1/14/2019,19:06:00,Credit card,511.42,4.761904762,25.571,4.2
785-13-7708,B,Mumbai,Normal,Male,Food and beverages,73.06,7.0,25.571,536.991,1/14/2019,19:06:00,Credit card,511.42,4.761904762,25.571,4.2
196-01-2849,C,Hyderabad,Member,Female,Fashion accessories,73.38,7.0,25.683,539.343,43740,13:56:00,Cash,513.66,4.761904762,25.683,9.5
826-55-4067,C,Hyderabad,Member,Female,Fashion accessories,73.38,7.0,25.683,539.343,43740,13:56:00,Cash,513.66,4.761904762,25.683,9.5
309-40-4204,C,Hyderabad,Normal,Male,Sports and travel,73.98,7.0,25.893,543.753,43499,16:42:00,Cash,517.86,4.761904762,25.893,4.1
408-26-9866,C,Hyderabad,Normal,Female,Sports and travel,73.98,7.0,25.893,543.753,43499,16:42:00,Cash,517.86,4.761904762,25.893,4.1
236-60-8334,C,Hyderabad,Normal,Male,Sports and travel,73.98,7.0,25.893,543.753,43499,16:42:00,Cash,517.86,4.761904762,25.893,4.1
748-32-6969,C,Hyderabad,Normal,Male,Sports and travel,73.98,7.0,25.893,543.753,43499,16:42:00,Cash,517.86,4.761904762,25.893,4.1
241-72-9525,B,Mumbai,Normal,Male,Sports and travel,51.91,10.0,25.955,545.055,2/16/2019,12:21:00,Cash,519.1,4.761904762,25.955,8.2
157-13-5295,A,Delhi,Member,Male,Health and beauty,51.94,10.0,25.97,545.37,43711,18:24:00,Ewallet,519.4,4.761904762,25.97,6.5
404-91-5964,A,Mumbai,Normal,Male,Electronic accessories,74.58,7.0,26.103,548.163,43557,16:09:00,Cash,522.06,4.761904762,26.103,9.0
711-16-8269,A,Delhi,Normal,Male,Electronic accessories,74.58,7.0,26.103,548.163,43557,16:09:00,Credit card,522.06,4.761904762,26.103,9.0
921-13-7573,C,Mumbai,Normal,Male,Electronic accessories,74.58,7.0,26.103,548.163,43557,16:09:00,Cash,522.06,4.761904762,26.103,9.0
154-87-7367,C,Mumbai,Normal,Male,Home and lifestyle,65.26,8.0,26.104,548.184,3/15/2019,14:04:00,Cash,522.08,4.761904762,26.104,6.3
197-48-2543,A,Delhi,Member,Male,Sports and travel,52.26,10.0,26.13,548.73,43711,12:45:00,Credit card,522.6,4.761904762,26.13,6.2
308-47-4913,C,Delhi,Member,Female,Sports and travel,52.26,10.0,26.13,548.73,43711,12:45:00,Cash,522.6,4.761904762,26.13,6.2
765-24-6741,C,Delhi,Member,Female,Sports and travel,52.26,10.0,26.13,548.73,43711,12:45:00,Cash,522.6,4.761904762,26.13,6.2
645-44-1170,A,Delhi,Member,Male,Home and lifestyle,58.07,9.0,26.1315,548.7615,1/19/2019,20:07:00,Ewallet,522.63,4.761904762,26.1315,4.3
219-57-9379,A,Hyderabad,Member,Male,Home and lifestyle,58.07,9.0,26.1315,548.7615,1/19/2019,20:07:00,Ewallet,522.63,4.761904762,26.1315,
750-67-8428,A,Delhi,Normal,Male,Health and beauty,74.69,7.0,26.1415,548.9715,43586,13:08:00,Ewallet,522.83,4.761904762,26.1415,9.1
210-57-1719,C,Mumbai,Normal,Female,Health and beauty,58.24,9.0,26.208,550.368,43587,12:34:00,Cash,524.16,4.761904762,26.208,9.7
508-53-8677,B,Mumbai,Member,Male,Electronic accessories,87.45,6.0,26.235,550.935,2/17/2019,14:40:00,Credit card,524.7,4.761904762,26.235,8.8
590-83-4591,B,Mumbai,Member,Male,Electronic accessories,87.45,6.0,26.235,550.935,2/17/2019,14:40:00,Credit card,524.7,4.761904762,26.235,8.8
358-88-9262,C,Hyderabad,Member,Female,Food and beverages,87.48,6.0,26.244,551.124,43467,18:43:00,Cash,524.88,4.761904762,26.244,5.1
915-48-5081,C,Mumbai,Member,Female,Food and beverages,87.48,6.0,26.244,551.124,43467,18:43:00,Ewallet,524.88,4.761904762,26.244,5.1
572-23-3647,C,Hyderabad,Member,Female,Food and beverages,87.48,6.0,26.244,551.124,43467,18:43:00,Cash,524.88,4.761904762,26.244,5.1
236-55-8172,C,Hyderabad,Normal,Male,Food and beverages,65.97,8.0,26.388,554.148,43498,20:29:00,Cash,527.76,4.761904762,26.388,8.4
541-08-3113,C,Hyderabad,Normal,Male,Food and beverages,65.97,8.0,26.388,554.148,43498,20:29:00,Cash,527.76,4.761904762,26.388,8.4
256-46-9852,B,Mumbai,Normal,Male,Electronic accessories,52.79,10.0,26.395,554.295,2/25/2019,11:58:00,Ewallet,527.9,4.761904762,26.395,10.0
866-70-2814,B,Mumbai,Normal,Female,Food and beverages,52.79,10.0,26.395,554.295,2/25/2019,11:58:00,Cash,527.9,4.761904762,26.395,10.0
438-23-1242,B,Mumbai,Normal,Male,Electronic accessories,75.88,7.0,26.558,557.718,1/24/2019,10:38:00,Cash,531.16,4.761904762,26.558,8.9
959-66-1974,B,Mumbai,Normal,Male,Food and beverages,75.88,7.0,26.558,557.718,1/24/2019,10:38:00,Ewallet,531.16,4.761904762,26.558,8.9
727-84-2049,C,Mumbai,Normal,Male,Electronic accessories,75.88,7.0,26.558,557.718,1/24/2019,10:38:00,Cash,531.16,4.761904762,26.558,8.9
166-19-2553,A,Mumbai,Member,Male,Sports and travel,89.06,6.0,26.718,561.078,1/18/2019,17:26:00,Cash,534.36,4.761904762,26.718,9.9
466-27-6027,A,Delhi,Member,Male,Sports and travel,89.06,6.0,26.718,561.078,1/18/2019,17:26:00,Cash,534.36,4.761904762,26.718,9.9
873-95-4984,B,Mumbai,Normal,Female,Food and beverages,76.9,7.0,26.915,565.215,2/15/2019,20:21:00,Cash,538.3,4.761904762,26.915,7.7
847-39-2630,C,Hyderabad,Normal,Female,Food and beverages,90.24,6.0,27.072,568.512,1/27/2019,11:17:00,Cash,541.44,4.761904762,27.072,6.2
862-59-8517,C,Mumbai,Normal,Female,Food and beverages,90.24,6.0,27.072,568.512,1/27/2019,11:17:00,Cash,541.44,4.761904762,27.072,6.2
589-12-1926,B,Mumbai,Member,Female,Food and beverages,54.36,10.0,27.18,570.78,43648,11:28:00,Credit card,543.6,4.761904762,27.18,6.1
827-44-5872,C,Mumbai,Member,Female,Food and beverages,54.36,10.0,27.18,570.78,43648,11:28:00,Credit card,543.6,4.761904762,27.18,6.1
413-69-1055,B,Mumbai,Member,Male,Electronic accessories,90.7,6.0,27.21,571.41,2/26/2019,10:52:00,Cash,544.2,4.761904762,27.21,5.3
466-61-5506,B,Mumbai,Member,Male,Electronic accessories,90.7,6.0,27.21,571.41,2/26/2019,10:52:00,Cash,544.2,4.761904762,27.21,5.3
540-92-9097,C,Mumbai,Member,Male,Electronic accessories,90.7,6.0,27.21,571.41,2/26/2019,10:52:00,Cash,544.2,4.761904762,27.21,5.3
192-58-4175,C,Hyderabad,Member,Male,Sports and travel,54.55,10.0,27.275,572.775,43499,11:22:00,Credit card,545.5,4.761904762,27.275,7.1
878-30-2331,C,Mumbai,Member,Female,Food and beverages,54.55,10.0,27.275,572.775,43499,11:22:00,Credit card,545.5,4.761904762,27.275,7.1
207-14-9302,A,Delhi,Normal,Male,Electronic accessories,60.88,9.0,27.396,575.316,1/15/2019,17:17:00,Ewallet,547.92,4.761904762,27.396,4.7
272-65-1806,A,Delhi,Normal,Male,Electronic accessories,60.88,9.0,27.396,575.316,1/15/2019,17:17:00,Ewallet,547.92,4.761904762,27.396,4.7
275-56-8816,C,Hyderabad,Member,Female,Food and beverages,68.54,8.0,27.416,575.736,43678,15:57:00,Cash,548.32,4.761904762,27.416,8.5
663-86-9076,C,Hyderabad,Member,Male,Food and beverages,68.54,8.0,27.416,575.736,43678,15:57:00,Ewallet,548.32,4.761904762,27.416,8.5
811-25-8123,A,Hyderabad,Member,Female,Food and beverages,68.54,8.0,27.416,575.736,43678,15:57:00,Ewallet,548.32,4.761904762,27.416,8.5
763-63-9866,C,Hyderabad,Member,Male,Food and beverages,68.54,8.0,27.416,575.736,43678,15:57:00,Ewallet,548.32,4.761904762,27.416,
417-77-6510,A,Delhi,Normal,Male,Sports and travel,60.95,9.0,27.4275,575.9775,43647,12:08:00,Cash,548.55,4.761904762,27.4275,6.0
541-48-8554,C,Delhi,Normal,Male,Sports and travel,60.95,9.0,27.4275,575.9775,43647,12:08:00,Credit card,548.55,4.761904762,27.4275,6.0
238-14-9317,C,Delhi,Normal,Male,Sports and travel,60.95,9.0,27.4275,575.9775,43647,12:08:00,Cash,548.55,4.761904762,27.4275,6.0
433-08-7822,C,Hyderabad,Normal,Female,Health and beauty,78.89,7.0,27.6115,579.8415,43586,19:48:00,Cash,552.23,4.761904762,27.6115,7.5
838-25-8221,C,Hyderabad,Normal,Male,Health and beauty,78.89,7.0,27.6115,579.8415,43586,19:48:00,Cash,552.23,4.761904762,27.6115,7.5
802-70-5316,A,Delhi,Member,Male,Sports and travel,92.13,6.0,27.639,580.419,43619,20:34:00,Cash,552.78,4.761904762,27.639,8.3
660-29-7083,C,Mumbai,Normal,Male,Electronic accessories,55.87,10.0,27.935,586.635,1/15/2019,15:01:00,Cash,558.7,4.761904762,27.935,5.8
897-10-3295,C,Mumbai,Normal,Male,Food and beverages,55.87,10.0,27.935,586.635,1/15/2019,15:01:00,Cash,558.7,4.761904762,27.935,5.8
937-20-8443,C,Hyderabad,Normal,Male,Electronic accessories,55.87,10.0,27.935,586.635,1/15/2019,15:01:00,Cash,558.7,4.761904762,27.935,
227-51-5540,B,Mumbai,Normal,Male,Fashion accessories,79.86,7.0,27.951,586.971,43739,10:33:00,Cash,559.02,4.761904762,27.951,5.5
241-11-2261,C,Mumbai,Normal,Female,Fashion accessories,79.86,7.0,27.951,586.971,43739,10:33:00,Credit card,559.02,4.761904762,27.951,5.5
136-08-6195,A,Mumbai,Normal,Female,Home and lifestyle,69.96,8.0,27.984,587.664,2/15/2019,17:01:00,Credit card,559.68,4.761904762,27.984,6.4
423-57-2993,B,Mumbai,Normal,Male,Sports and travel,93.39,6.0,28.017,588.357,3/27/2019,19:18:00,Cash,560.34,4.761904762,28.017,10.0
663-97-4229,C,Mumbai,Normal,Male,Sports and travel,93.39,6.0,28.017,588.357,3/27/2019,19:18:00,Cash,560.34,4.761904762,28.017,10.0
472-56-8422,A,Delhi,Member,Male,Fashion accessories,56.04,10.0,28.02,588.42,1/14/2019,19:30:00,Ewallet,560.4,4.761904762,28.02,4.4
588-47-8641,A,Delhi,Member,Male,Fashion accessories,56.04,10.0,28.02,588.42,1/14/2019,19:30:00,Ewallet,560.4,4.761904762,28.02,4.4
299-46-1805,B,Mumbai,Member,Female,Sports and travel,93.72,6.0,28.116,590.436,1/15/2019,16:19:00,Cash,562.32,4.761904762,28.116,4.5
550-34-7354,A,Mumbai,Member,Female,Sports and travel,93.72,6.0,28.116,590.436,1/15/2019,16:19:00,Cash,562.32,4.761904762,28.116,4.5
386-27-7606,C,Mumbai,Member,Female,Home and lifestyle,81.2,7.0,28.42,596.82,3/23/2019,15:59:00,Cash,568.4,4.761904762,28.42,8.1
698-10-5006,C,Mumbai,Member,Male,Home and lifestyle,81.2,7.0,28.42,596.82,3/23/2019,15:59:00,Cash,568.4,4.761904762,28.42,8.1
314-23-4520,C,Mumbai,Member,Male,Health and beauty,81.23,7.0,28.4305,597.0405,1/15/2019,20:44:00,Cash,568.61,4.761904762,28.4305,9.0
677-92-0477,C,Mumbai,Member,Male,Health and beauty,81.23,7.0,28.4305,597.0405,1/15/2019,20:44:00,Cash,568.61,4.761904762,28.4305,9.0
339-96-8318,C,Mumbai,Member,Male,Fashion accessories,81.31,7.0,28.4585,597.6285,43468,19:49:00,Cash,569.17,4.761904762,28.4585,6.3
713-41-8315,B,Mumbai,Member,Male,Fashion accessories,81.31,7.0,28.4585,597.6285,43468,19:49:00,Cash,569.17,4.761904762,28.4585,6.3
545-57-9357,C,Mumbai,Member,Male,Food and beverages,81.31,7.0,28.4585,597.6285,43468,19:49:00,Cash,569.17,4.761904762,28.4585,6.3
262-47-2794,B,Mumbai,Member,Male,Home and lifestyle,71.86,8.0,28.744,603.624,43619,15:07:00,Credit card,574.88,4.761904762,28.744,6.2
278-79-8401,C,Hyderabad,Normal,Male,Electronic accessories,71.89,8.0,28.756,603.876,2/19/2019,11:33:00,Cash,575.12,4.761904762,28.756,5.5
886-77-9084,C,Mumbai,Normal,Male,Food and beverages,71.89,8.0,28.756,603.876,2/19/2019,11:33:00,Ewallet,575.12,4.761904762,28.756,5.5
369-85-9012,A,Hyderabad,Normal,Male,Food and beverages,71.89,8.0,28.756,603.876,2/19/2019,11:33:00,Ewallet,575.12,4.761904762,28.756,5.5
406-46-7107,A,Mumbai,Normal,Female,Home and lifestyle,96.52,6.0,28.956,608.076,43770,11:52:00,Cash,579.12,4.761904762,28.956,4.5
126-38-8809,C,Mumbai,Normal,Male,Home and lifestyle,96.52,6.0,28.956,608.076,43770,11:52:00,Cash,579.12,4.761904762,28.956,4.5
152-08-9985,B,Mumbai,Member,Male,Health and beauty,64.36,9.0,28.962,608.202,43802,12:09:00,Credit card,579.24,4.761904762,28.962,8.6
575-30-8091,A,Delhi,Normal,Male,Sports and travel,72.5,8.0,29.0,609.0,3/16/2019,19:25:00,Ewallet,580.0,4.761904762,29.0,9.2
131-15-8856,C,Hyderabad,Member,Female,Food and beverages,72.52,8.0,29.008,609.168,3/30/2019,19:26:00,Cash,580.16,4.761904762,29.008,4.0
963-36-8022,C,Mumbai,Member,Female,Food and beverages,72.52,8.0,29.008,609.168,3/30/2019,19:26:00,Credit card,580.16,4.761904762,29.008,4.0
731-59-7531,C,Mumbai,Member,Male,Health and beauty,72.57,8.0,29.028,609.588,3/30/2019,17:58:00,Cash,580.56,4.761904762,29.028,4.6
730-50-9884,C,Hyderabad,Normal,Male,Sports and travel,83.06,7.0,29.071,610.491,43588,14:31:00,Ewallet,581.42,4.761904762,29.071,4.0
887-42-0517,C,Mumbai,Normal,Female,Food and beverages,83.14,7.0,29.099,611.079,43739,10:31:00,Cash,581.98,4.761904762,29.099,6.6
902-29-7121,C,Mumbai,Normal,Male,Food and beverages,83.14,7.0,29.099,611.079,43739,10:31:00,Credit card,581.98,4.761904762,29.099,6.6
109-28-2512,B,Mumbai,Member,Male,Fashion accessories,97.61,6.0,29.283,614.943,43647,15:01:00,Ewallet,585.66,4.761904762,29.283,9.9
137-63-5492,C,Mumbai,Normal,Male,Electronic accessories,58.76,10.0,29.38,616.98,1/29/2019,14:26:00,Ewallet,587.6,4.761904762,29.38,9.0
841-43-7329,C,Hyderabad,Normal,Male,Electronic accessories,58.76,10.0,29.38,616.98,1/29/2019,14:26:00,Ewallet,587.6,4.761904762,29.38,9.0
648-94-3045,C,Hyderabad,Normal,Male,Health and beauty,58.95,10.0,29.475,618.975,43648,14:27:00,Ewallet,589.5,4.761904762,29.475,8.1
263-71-4046,C,Hyderabad,Normal,Male,Health and beauty,58.95,10.0,29.475,618.975,43648,14:27:00,Ewallet,589.5,4.761904762,29.475,
189-30-1968,A,Delhi,Member,Male,Food and beverages,98.53,6.0,29.559,620.739,1/23/2019,11:22:00,Credit card,591.18,4.761904762,29.559,4.0
828-46-6863,C,Delhi,Member,Male,Food and beverages,98.53,6.0,29.559,620.739,1/23/2019,11:22:00,Cash,591.18,4.761904762,29.559,4.0
471-67-8863,A,Delhi,Normal,Male,Fashion accessories,65.74,9.0,29.583,621.243,43466,13:55:00,Cash,591.66,4.761904762,29.583,7.7
651-88-7328,C,Delhi,Normal,Female,Fashion accessories,65.74,9.0,29.583,621.243,43466,13:55:00,Cash,591.66,4.761904762,29.583,7.7
369-77-6205,C,Hyderabad,Normal,Female,Fashion accessories,65.74,9.0,29.583,621.243,43466,13:55:00,Cash,591.66,4.761904762,29.583,
125-45-2293,A,Mumbai,Normal,Female,Fashion accessories,99.1,6.0,29.73,624.33,1/19/2019,13:11:00,Cash,594.6,4.761904762,29.73,4.2
870-72-4431,C,Mumbai,Normal,Male,Food and beverages,99.19,6.0,29.757,624.897,1/21/2019,14:42:00,Credit card,595.14,4.761904762,29.757,5.5
223-94-7654,C,Hyderabad,Normal,Male,Fashion accessories,59.61,10.0,29.805,625.905,3/14/2019,11:07:00,Cash,596.1,4.761904762,29.805,5.3
379-17-6588,C,Hyderabad,Normal,Male,Fashion accessories,59.61,10.0,29.805,625.905,3/14/2019,11:07:00,Cash,596.1,4.761904762,29.805,5.3
301-15-7874,C,Hyderabad,Normal,Male,Food and beverages,59.61,10.0,29.805,625.905,3/14/2019,11:07:00,Cash,596.1,4.761904762,29.805,5.3
699-14-3026,C,Hyderabad,Normal,Male,Electronic accessories,85.39,7.0,29.8865,627.6165,3/25/2019,18:30:00,Ewallet,597.73,4.761904762,29.8865,4.1
896-83-2452,C,Mumbai,Normal,Male,Food and beverages,85.39,7.0,29.8865,627.6165,3/25/2019,18:30:00,Ewallet,597.73,4.761904762,29.8865,4.1
477-24-6490,B,Mumbai,Normal,Male,Health and beauty,99.71,6.0,29.913,628.173,2/26/2019,16:52:00,Ewallet,598.26,4.761904762,29.913,7.9
667-92-0055,A,Mumbai,Normal,Male,Health and beauty,99.83,6.0,29.949,628.929,43558,15:02:00,Ewallet,598.98,4.761904762,29.949,8.5
690-17-9301,A,Hyderabad,Normal,Male,Health and beauty,99.83,6.0,29.949,628.929,43558,15:02:00,Ewallet,598.98,4.761904762,29.949,
725-54-0677,C,Mumbai,Member,Male,Health and beauty,85.6,7.0,29.96,629.16,43499,13:50:00,Cash,599.2,4.761904762,29.96,5.3
641-62-7288,B,Mumbai,Normal,Male,Home and lifestyle,99.92,6.0,29.976,629.496,3/24/2019,13:33:00,Cash,599.52,4.761904762,29.976,7.1
286-66-3647,B,Hyderabad,Normal,Male,Home and lifestyle,99.92,6.0,29.976,629.496,3/24/2019,13:33:00,Cash,599.52,4.761904762,29.976,
658-77-9433,C,Hyderabad,Member,Male,Electronic accessories,66.65,9.0,29.9925,629.8425,43556,18:19:00,Credit card,599.85,4.761904762,29.9925,9.7
672-51-8681,C,Hyderabad,Member,Male,Electronic accessories,66.65,9.0,29.9925,629.8425,43556,18:19:00,Credit card,599.85,4.761904762,29.9925,9.7
428-32-3001,C,Hyderabad,Member,Male,Electronic accessories,66.65,9.0,29.9925,629.8425,43556,18:19:00,Credit card,599.85,4.761904762,29.9925,
539-47-2192,C,Hyderabad,Member,Male,Electronic accessories,66.65,9.0,29.9925,629.8425,43556,18:19:00,Credit card,599.85,4.761904762,29.9925,
759-98-4285,C,Mumbai,Member,Female,Health and beauty,85.87,7.0,30.0545,631.1445,2/27/2019,19:01:00,Credit card,601.09,4.761904762,30.0545,8.0
430-53-4718,B,Mumbai,Member,Male,Health and beauty,75.37,8.0,30.148,633.108,1/28/2019,15:46:00,Cash,602.96,4.761904762,30.148,8.4
863-94-5864,C,Mumbai,Member,Male,Health and beauty,75.37,8.0,30.148,633.108,1/28/2019,15:46:00,Cash,602.96,4.761904762,30.148,8.4
305-18-3552,C,Mumbai,Member,Male,Home and lifestyle,60.38,10.0,30.19,633.99,43801,16:19:00,Cash,603.8,4.761904762,30.19,6.0
129-95-8369,A,Mumbai,Member,Male,Home and lifestyle,60.38,10.0,30.19,633.99,43801,16:19:00,Cash,603.8,4.761904762,30.19,6.0
373-73-7910,A,Delhi,Normal,Male,Sports and travel,86.31,7.0,30.2085,634.3785,43679,10:37:00,Cash,604.17,4.761904762,30.2085,5.3
462-47-4986,C,Delhi,Normal,Male,Food and beverages,86.31,7.0,30.2085,634.3785,43679,10:37:00,Cash,604.17,4.761904762,30.2085,5.3
632-32-4574,C,Mumbai,Normal,Male,Sports and travel,75.92,8.0,30.368,637.728,3/20/2019,14:14:00,Cash,607.36,4.761904762,30.368,5.5
652-77-2229,B,Mumbai,Normal,Male,Sports and travel,75.92,8.0,30.368,637.728,3/20/2019,14:14:00,Cash,607.36,4.761904762,30.368,5.5
220-16-5417,C,Hyderabad,Normal,Male,Sports and travel,75.92,8.0,30.368,637.728,3/20/2019,14:14:00,Cash,607.36,4.761904762,30.368,
542-52-8115,B,Hyderabad,Normal,Male,Sports and travel,75.92,8.0,30.368,637.728,3/20/2019,14:14:00,Cash,607.36,4.761904762,30.368,
452-04-8808,B,Mumbai,Normal,Male,Electronic accessories,87.08,7.0,30.478,640.038,1/26/2019,15:17:00,Cash,609.56,4.761904762,30.478,5.5
841-56-1032,B,Mumbai,Normal,Male,Electronic accessories,87.08,7.0,30.478,640.038,1/26/2019,15:17:00,Cash,609.56,4.761904762,30.478,5.5
738-85-6421,C,Mumbai,Normal,Male,Food and beverages,87.08,7.0,30.478,640.038,1/26/2019,15:17:00,Cash,609.56,4.761904762,30.478,5.5
774-76-3895,C,Mumbai,Normal,Male,Food and beverages,87.08,7.0,30.478,640.038,1/26/2019,15:17:00,Cash,609.56,4.761904762,30.478,5.5
849-09-3807,A,Delhi,Member,Female,Food and beverages,88.34,7.0,30.919,649.299,2/18/2019,13:28:00,Cash,618.38,4.761904762,30.919,6.6
796-12-2025,C,Hyderabad,Normal,Male,Fashion accessories,62.12,10.0,31.06,652.26,43771,16:19:00,Cash,621.2,4.761904762,31.06,5.9
189-55-2313,C,Mumbai,Normal,Female,Fashion accessories,62.18,10.0,31.09,652.89,1/31/2019,10:33:00,Cash,621.8,4.761904762,31.09,6.0
836-82-5858,B,Mumbai,Member,Male,Health and beauty,69.37,9.0,31.2165,655.5465,1/26/2019,19:14:00,Ewallet,624.33,4.761904762,31.2165,4.0
611-88-3312,A,Delhi,Member,Male,Electronic accessories,69.58,9.0,31.311,657.531,2/19/2019,19:38:00,Credit card,626.22,4.761904762,31.311,7.8
868-06-0466,C,Mumbai,Member,Male,Food and beverages,69.58,9.0,31.311,657.531,2/19/2019,19:38:00,Credit card,626.22,4.761904762,31.311,7.8
690-46-7844,A,Delhi,Member,Male,Electronic accessories,69.58,9.0,31.311,657.531,2/19/2019,19:38:00,Credit card,626.22,4.761904762,31.311,
394-55-6384,C,Hyderabad,Member,Female,Sports and travel,70.19,9.0,31.5855,663.2955,1/25/2019,13:38:00,Cash,631.71,4.761904762,31.5855,6.7
913-35-2841,C,Mumbai,Member,Male,Food and beverages,70.19,9.0,31.5855,663.2955,1/25/2019,13:38:00,Cash,631.71,4.761904762,31.5855,6.7
300-50-8722,C,Hyderabad,Member,Male,Sports and travel,70.19,9.0,31.5855,663.2955,1/25/2019,13:38:00,Cash,631.71,4.761904762,31.5855,6.7
347-72-6115,C,Mumbai,Member,Female,Sports and travel,90.74,7.0,31.759,666.939,1/16/2019,18:03:00,Cash,635.18,4.761904762,31.759,6.2
643-95-5552,B,Mumbai,Member,Male,Sports and travel,90.74,7.0,31.759,666.939,1/16/2019,18:03:00,Credit card,635.18,4.761904762,31.759,6.2
457-50-1412,C,Mumbai,Member,Female,Food and beverages,90.74,7.0,31.759,666.939,1/16/2019,18:03:00,Cash,635.18,4.761904762,31.759,6.2
378-32-4548,B,Hyderabad,Member,Male,Sports and travel,90.74,7.0,31.759,666.939,1/16/2019,18:03:00,Credit card,635.18,4.761904762,31.759,
648-83-1321,C,Delhi,Member,Male,Home and lifestyle,63.56,10.0,31.78,667.38,1/16/2019,17:59:00,Cash,635.6,4.761904762,31.78,4.3
655-88-8719,C,Hyderabad,Member,Male,Home and lifestyle,63.56,10.0,31.78,667.38,1/16/2019,17:59:00,Cash,635.6,4.761904762,31.78,
326-78-5178,C,Hyderabad,Member,Male,Food and beverages,91.4,7.0,31.99,671.79,43526,10:19:00,Cash,639.8,4.761904762,31.99,9.5
333-77-1425,C,Hyderabad,Member,Male,Food and beverages,91.4,7.0,31.99,671.79,43526,10:19:00,Cash,639.8,4.761904762,31.99,9.5
476-27-1395,C,Hyderabad,Member,Male,Food and beverages,91.4,7.0,31.99,671.79,43526,10:19:00,Cash,639.8,4.761904762,31.99,9.5
601-87-6719,C,Hyderabad,Member,Male,Food and beverages,91.4,7.0,31.99,671.79,43526,10:19:00,Cash,639.8,4.761904762,31.99,9.5
149-61-1929,C,Delhi,Normal,Male,Sports and travel,64.19,10.0,32.095,673.995,1/19/2019,14:08:00,Cash,641.9,4.761904762,32.095,6.7
226-80-2032,A,Delhi,Normal,Male,Sports and travel,64.19,10.0,32.095,673.995,1/19/2019,14:08:00,Credit card,641.9,4.761904762,32.095,6.7
612-36-5536,A,Mumbai,Member,Male,Food and beverages,80.96,8.0,32.384,680.064,2/17/2019,11:12:00,Credit card,647.68,4.761904762,32.384,7.4
784-43-5569,A,Delhi,Member,Male,Food and beverages,80.96,8.0,32.384,680.064,2/17/2019,11:12:00,Credit card,647.68,4.761904762,32.384,7.4
121-45-3617,A,Mumbai,Member,Male,Food and beverages,80.96,8.0,32.384,680.064,2/17/2019,11:12:00,Credit card,647.68,4.761904762,32.384,
400-89-4171,C,Hyderabad,Normal,Male,Sports and travel,80.97,8.0,32.388,680.148,1/28/2019,13:05:00,Cash,647.76,4.761904762,32.388,9.3
802-38-1417,C,Hyderabad,Normal,Male,Sports and travel,80.97,8.0,32.388,680.148,1/28/2019,13:05:00,Cash,647.76,4.761904762,32.388,9.3
263-12-5321,A,Mumbai,Member,Male,Electronic accessories,92.6,7.0,32.41,680.61,2/27/2019,12:52:00,Credit card,648.2,4.761904762,32.41,9.3
832-13-3888,A,Delhi,Member,Male,Electronic accessories,92.6,7.0,32.41,680.61,2/27/2019,12:52:00,Credit card,648.2,4.761904762,32.41,9.3
222-42-0244,B,Mumbai,Member,Female,Health and beauty,72.11,9.0,32.4495,681.4395,1/28/2019,13:53:00,Cash,648.99,4.761904762,32.4495,7.7
124-72-9102,C,Hyderabad,Normal,Male,Electronic accessories,64.95,10.0,32.475,681.975,3/24/2019,18:27:00,Cash,649.5,4.761904762,32.475,5.2
538-22-0304,C,Mumbai,Normal,Male,Electronic accessories,64.95,10.0,32.475,681.975,3/24/2019,18:27:00,Cash,649.5,4.761904762,32.475,5.2
394-99-8220,B,Mumbai,Normal,Male,Fashion accessories,65.23,10.0,32.615,684.915,43678,19:07:00,Cash,652.3,4.761904762,32.615,5.2
457-13-1708,B,Mumbai,Member,Male,Fashion accessories,65.23,10.0,32.615,684.915,43678,19:07:00,Credit card,652.3,4.761904762,32.615,5.2
199-33-8759,C,Mumbai,Normal,Male,Fashion accessories,65.23,10.0,32.615,684.915,43678,19:07:00,Cash,652.3,4.761904762,32.615,5.2
668-90-8900,A,Delhi,Normal,Male,Home and lifestyle,93.69,7.0,32.7915,688.6215,43741,18:44:00,Credit card,655.83,4.761904762,32.7915,4.5
154-96-7728,A,Hyderabad,Normal,Male,Home and lifestyle,93.69,7.0,32.7915,688.6215,43741,18:44:00,Credit card,655.83,4.761904762,32.7915,
233-75-6722,C,Hyderabad,Member,Male,Food and beverages,72.88,9.0,32.796,688.716,43678,19:38:00,Cash,655.92,4.761904762,32.796,4.0
845-94-6841,C,Mumbai,Member,Female,Food and beverages,72.88,9.0,32.796,688.716,43678,19:38:00,Cash,655.92,4.761904762,32.796,4.0
489-82-1237,A,Delhi,Normal,Female,Electronic accessories,93.88,7.0,32.858,690.018,43586,11:51:00,Cash,657.16,4.761904762,32.858,7.3
526-33-7821,A,Delhi,Normal,Male,Electronic accessories,93.88,7.0,32.858,690.018,43586,11:51:00,Credit card,657.16,4.761904762,32.858,7.3
670-79-6321,C,Mumbai,Member,Female,Home and lifestyle,94.59,7.0,33.1065,695.2365,1/17/2019,15:27:00,Cash,662.13,4.761904762,33.1065,4.9
937-30-6741,C,Hyderabad,Member,Female,Home and lifestyle,94.59,7.0,33.1065,695.2365,1/17/2019,15:27:00,Cash,662.13,4.761904762,33.1065,
430-60-3493,A,Mumbai,Normal,Female,Home and lifestyle,94.88,7.0,33.208,697.368,43526,14:38:00,Cash,664.16,4.761904762,33.208,4.2
251-22-3557,C,Mumbai,Normal,Male,Home and lifestyle,94.88,7.0,33.208,697.368,43526,14:38:00,Cash,664.16,4.761904762,33.208,4.2
188-55-0967,C,Mumbai,Member,Male,Health and beauty,66.47,10.0,33.235,697.935,1/15/2019,15:01:00,Cash,664.7,4.761904762,33.235,5.0
441-32-3877,C,Hyderabad,Normal,Male,Sports and travel,95.49,7.0,33.4215,701.8515,2/22/2019,18:17:00,Cash,668.43,4.761904762,33.4215,8.7
743-88-1662,C,Mumbai,Normal,Male,Sports and travel,95.49,7.0,33.4215,701.8515,2/22/2019,18:17:00,Ewallet,668.43,4.761904762,33.4215,8.7
454-62-9472,C,Hyderabad,Normal,Male,Sports and travel,95.49,7.0,33.4215,701.8515,2/22/2019,18:17:00,Cash,668.43,4.761904762,33.4215,8.7
269-66-3649,B,Mumbai,Normal,Male,Fashion accessories,95.54,7.0,33.439,702.219,43711,14:36:00,Credit card,668.78,4.761904762,33.439,9.6
616-87-0016,C,Mumbai,Normal,Male,Fashion accessories,95.54,7.0,33.439,702.219,43711,14:36:00,Credit card,668.78,4.761904762,33.439,9.6
908-88-3425,C,Mumbai,Normal,Male,Fashion accessories,95.54,7.0,33.439,702.219,43711,14:36:00,Credit card,668.78,4.761904762,33.439,
640-49-2076,B,Mumbai,Normal,Male,Sports and travel,83.78,8.0,33.512,703.752,43739,14:49:00,Cash,670.24,4.761904762,33.512,5.1
203-91-2111,B,Hyderabad,Normal,Male,Sports and travel,83.78,8.0,33.512,703.752,43739,14:49:00,Cash,670.24,4.761904762,33.512,
287-21-9091,A,Delhi,Normal,Male,Home and lifestyle,74.67,9.0,33.6015,705.6315,1/22/2019,10:55:00,Cash,672.03,4.761904762,33.6015,9.4
137-10-9794,A,Delhi,Normal,Male,Food and beverages,74.67,9.0,33.6015,705.6315,1/22/2019,10:55:00,Ewallet,672.03,4.761904762,33.6015,9.4
443-59-0061,C,Delhi,Member,Male,Food and beverages,67.45,10.0,33.725,708.225,43526,11:25:00,Cash,674.5,4.761904762,33.725,4.2
504-48-2246,A,Delhi,Member,Male,Food and beverages,67.45,10.0,33.725,708.225,43526,11:25:00,Ewallet,674.5,4.761904762,33.725,4.2
374-57-9282,C,Delhi,Normal,Male,Food and beverages,67.45,10.0,33.725,708.225,43526,11:25:00,Cash,674.5,4.761904762,33.725,4.2
189-40-5216,C,Mumbai,Normal,Male,Electronic accessories,96.37,7.0,33.7295,708.3195,43709,11:40:00,Cash,674.59,4.761904762,33.7295,6.0
675-62-2901,C,Hyderabad,Normal,Male,Electronic accessories,96.37,7.0,33.7295,708.3195,43709,11:40:00,Cash,674.59,4.761904762,33.7295,6.0
610-19-6251,C,Hyderabad,Normal,Male,Electronic accessories,96.37,7.0,33.7295,708.3195,43709,11:40:00,Cash,674.59,4.761904762,33.7295,
850-41-9669,A,Mumbai,Normal,Male,Food and beverages,75.06,9.0,33.777,709.317,3/19/2019,13:25:00,Ewallet,675.54,4.761904762,33.777,6.2
874-63-9329,A,Mumbai,Normal,Male,Food and beverages,75.06,9.0,33.777,709.317,3/19/2019,13:25:00,Ewallet,675.54,4.761904762,33.777,6.2
474-94-2357,B,Mumbai,Member,Male,Electronic accessories,75.59,9.0,34.0155,714.3255,2/23/2019,11:12:00,Cash,680.31,4.761904762,34.0155,8.0
831-81-6575,B,Mumbai,Member,Female,Electronic accessories,75.59,9.0,34.0155,714.3255,2/23/2019,11:12:00,Cash,680.31,4.761904762,34.0155,8.0
367-63-8614,C,Hyderabad,Member,Male,Fashion accessories,97.79,7.0,34.2265,718.7565,2/16/2019,17:30:00,Cash,684.53,4.761904762,34.2265,4.9
587-03-7455,C,Hyderabad,Member,Female,Fashion accessories,97.79,7.0,34.2265,718.7565,2/16/2019,17:30:00,Ewallet,684.53,4.761904762,34.2265,4.9
911-85-1975,C,Hyderabad,Member,Male,Food and beverages,97.79,7.0,34.2265,718.7565,2/16/2019,17:30:00,Cash,684.53,4.761904762,34.2265,4.9
338-65-2210,C,Hyderabad,Member,Male,Health and beauty,68.6,10.0,34.3,720.3,43587,19:57:00,Cash,686.0,4.761904762,34.3,9.1
450-16-5092,C,Hyderabad,Member,Male,Food and beverages,68.6,10.0,34.3,720.3,43587,19:57:00,Cash,686.0,4.761904762,34.3,9.1
898-04-2717,A,Mumbai,Normal,Male,Food and beverages,76.4,9.0,34.38,721.98,3/19/2019,15:49:00,Ewallet,687.6,4.761904762,34.38,7.5
399-46-5918,C,Hyderabad,Normal,Male,Electronic accessories,85.98,8.0,34.392,722.232,2/28/2019,19:01:00,Cash,687.84,4.761904762,34.392,8.2
644-11-6134,C,Hyderabad,Normal,Male,Electronic accessories,85.98,8.0,34.392,722.232,2/28/2019,19:01:00,Cash,687.84,4.761904762,34.392,8.2
292-51-1813,C,Hyderabad,Normal,Male,Electronic accessories,85.98,8.0,34.392,722.232,2/28/2019,19:01:00,Cash,687.84,4.761904762,34.392,8.2
528-85-5802,C,Hyderabad,Normal,Male,Electronic accessories,85.98,8.0,34.392,722.232,2/28/2019,19:01:00,Cash,687.84,4.761904762,34.392,
253-12-6086,A,Mumbai,Member,Male,Sports and travel,98.4,7.0,34.44,723.24,43802,12:43:00,Credit card,688.8,4.761904762,34.44,8.7
125-83-7399,A,Delhi,Member,Male,Fashion accessories,86.68,8.0,34.672,728.112,1/24/2019,18:04:00,Cash,693.44,4.761904762,34.672,7.2
435-13-4908,C,Delhi,Member,Male,Fashion accessories,86.68,8.0,34.672,728.112,1/24/2019,18:04:00,Cash,693.44,4.761904762,34.672,7.2
372-63-1031,C,Delhi,Member,Male,Fashion accessories,86.68,8.0,34.672,728.112,1/24/2019,18:04:00,Cash,693.44,4.761904762,34.672,7.2
125-53-3203,B,Mumbai,Member,Female,Food and beverages,77.4,9.0,34.83,731.43,2/15/2019,14:15:00,Credit card,696.6,4.761904762,34.83,4.5
710-46-4433,C,Mumbai,Member,Female,Food and beverages,77.4,9.0,34.83,731.43,2/15/2019,14:15:00,Credit card,696.6,4.761904762,34.83,4.5
143-67-9444,A,Delhi,Normal,Male,Electronic accessories,99.55,7.0,34.8425,731.6925,3/14/2019,12:07:00,Cash,696.85,4.761904762,34.8425,7.6
189-52-0236,C,Delhi,Normal,Male,Electronic accessories,99.55,7.0,34.8425,731.6925,3/14/2019,12:07:00,Cash,696.85,4.761904762,34.8425,7.6
174-64-0215,B,Mumbai,Normal,Male,Sports and travel,69.74,10.0,34.87,732.27,43588,17:49:00,Credit card,697.4,4.761904762,34.87,8.9
289-39-6453,B,Mumbai,Normal,Male,Sports and travel,69.74,10.0,34.87,732.27,43588,17:49:00,Cash,697.4,4.761904762,34.87,8.9
129-79-3771,A,Mumbai,Normal,Male,Food and beverages,69.74,10.0,34.87,732.27,43588,17:49:00,Ewallet,697.4,4.761904762,34.87,8.9
183-21-3799,C,Hyderabad,Normal,Female,Electronic accessories,77.63,9.0,34.9335,733.6035,2/19/2019,15:14:00,Ewallet,698.67,4.761904762,34.9335,7.2
716-51-4764,C,Hyderabad,Normal,Male,Electronic accessories,77.63,9.0,34.9335,733.6035,2/19/2019,15:14:00,Ewallet,698.67,4.761904762,34.9335,7.2
627-95-3243,C,Mumbai,Member,Female,Home and lifestyle,77.68,9.0,34.956,734.076,43557,13:21:00,Cash,699.12,4.761904762,34.956,9.8
418-50-9432,C,Hyderabad,Member,Female,Home and lifestyle,77.68,9.0,34.956,734.076,43557,13:21:00,Cash,699.12,4.761904762,34.956,
148-41-7930,C,Mumbai,Normal,Male,Health and beauty,99.96,7.0,34.986,734.706,1/23/2019,10:33:00,Cash,699.72,4.761904762,34.986,6.1
135-84-8019,A,Mumbai,Normal,Female,Fashion accessories,77.93,9.0,35.0685,736.4385,2/27/2019,16:10:00,Ewallet,701.37,4.761904762,35.0685,7.6
149-71-6266,B,Mumbai,Member,Male,Sports and travel,78.07,9.0,35.1315,737.7615,1/28/2019,12:43:00,Cash,702.63,4.761904762,35.1315,4.5
189-98-2939,C,Hyderabad,Normal,Male,Fashion accessories,78.55,9.0,35.3475,742.2975,43468,13:22:00,Cash,706.95,4.761904762,35.3475,7.2
394-30-3170,C,Mumbai,Member,Female,Sports and travel,88.43,8.0,35.372,742.812,3/22/2019,19:35:00,Cash,707.44,4.761904762,35.372,4.3
964-42-8346,B,Mumbai,Member,Male,Food and beverages,88.43,8.0,35.372,742.812,3/22/2019,19:35:00,Credit card,707.44,4.761904762,35.372,4.3
779-32-7589,C,Mumbai,Member,Male,Sports and travel,88.43,8.0,35.372,742.812,3/22/2019,19:35:00,Cash,707.44,4.761904762,35.372,4.3
137-28-9518,C,Hyderabad,Member,Male,Electronic accessories,88.55,8.0,35.42,743.82,3/19/2019,15:29:00,Ewallet,708.4,4.761904762,35.42,4.7
155-45-3814,C,Hyderabad,Member,Female,Electronic accessories,88.55,8.0,35.42,743.82,3/19/2019,15:29:00,Cash,708.4,4.761904762,35.42,4.7
537-72-0426,C,Mumbai,Member,Male,Fashion accessories,70.99,10.0,35.495,745.395,3/20/2019,16:28:00,Cash,709.9,4.761904762,35.495,5.7
803-17-8013,A,Mumbai,Normal,Female,Home and lifestyle,88.79,8.0,35.516,745.836,2/17/2019,17:09:00,Cash,710.32,4.761904762,35.516,4.1
829-34-3910,A,Delhi,Normal,Female,Health and beauty,71.38,10.0,35.69,749.49,3/29/2019,19:21:00,Cash,713.8,4.761904762,35.69,5.7
725-96-3778,C,Mumbai,Normal,Female,Home and lifestyle,89.25,8.0,35.7,749.7,1/20/2019,10:13:00,Cash,714.0,4.761904762,35.7,4.7
635-40-6220,A,Delhi,Normal,Male,Health and beauty,89.6,8.0,35.84,752.64,43648,11:28:00,Ewallet,716.8,4.761904762,35.84,6.6
896-68-2207,A,Hyderabad,Normal,Male,Health and beauty,89.6,8.0,35.84,752.64,43648,11:28:00,Ewallet,716.8,4.761904762,35.84,
448-61-3783,A,Mumbai,Normal,Female,Electronic accessories,90.02,8.0,36.008,756.168,3/21/2019,16:08:00,Cash,720.16,4.761904762,36.008,4.5
545-20-6804,A,Delhi,Normal,Male,Electronic accessories,90.02,8.0,36.008,756.168,3/21/2019,16:08:00,Credit card,720.16,4.761904762,36.008,4.5
235-56-4202,C,Mumbai,Normal,Female,Electronic accessories,90.02,8.0,36.008,756.168,3/21/2019,16:08:00,Cash,720.16,4.761904762,36.008,4.5
674-55-8190,C,Mumbai,Normal,Male,Food and beverages,90.02,8.0,36.008,756.168,3/21/2019,16:08:00,Cash,720.16,4.761904762,36.008,4.5
153-55-3221,B,Mumbai,Normal,Male,Electronic accessories,72.13,10.0,36.065,757.365,1/31/2019,15:12:00,Credit card,721.3,4.761904762,36.065,4.2
525-09-8450,B,Mumbai,Normal,Male,Electronic accessories,72.13,10.0,36.065,757.365,1/31/2019,15:12:00,Credit card,721.3,4.761904762,36.065,4.2
817-48-8732,A,Delhi,Member,Male,Home and lifestyle,72.35,10.0,36.175,759.675,1/20/2019,15:55:00,Cash,723.5,4.761904762,36.175,5.4
729-06-2010,C,Mumbai,Member,Male,Health and beauty,80.47,9.0,36.2115,760.4415,43617,11:18:00,Cash,724.23,4.761904762,36.2115,9.2
361-59-0574,B,Mumbai,Member,Male,Sports and travel,90.53,8.0,36.212,760.452,3/15/2019,14:48:00,Cash,724.24,4.761904762,36.212,6.5
928-40-3169,B,Mumbai,Member,Male,Food and beverages,90.53,8.0,36.212,760.452,3/15/2019,14:48:00,Credit card,724.24,4.761904762,36.212,6.5
762-12-2196,C,Mumbai,Member,Male,Food and beverages,90.53,8.0,36.212,760.452,3/15/2019,14:48:00,Cash,724.24,4.761904762,36.212,6.5
237-01-6122,C,Hyderabad,Member,Male,Home and lifestyle,80.79,9.0,36.3555,763.4655,43467,20:31:00,Credit card,727.11,4.761904762,36.3555,9.5
742-04-5161,C,Delhi,Member,Male,Home and lifestyle,72.78,10.0,36.39,764.19,43526,17:24:00,Cash,727.8,4.761904762,36.39,7.3
234-03-4040,C,Mumbai,Member,Female,Food and beverages,73.05,10.0,36.525,767.025,43527,12:25:00,Credit card,730.5,4.761904762,36.525,8.7
305-18-3157,B,Mumbai,Member,Female,Food and beverages,73.05,10.0,36.525,767.025,43527,12:25:00,Cash,730.5,4.761904762,36.525,8.7
397-85-3722,A,Mumbai,Member,Female,Food and beverages,73.05,10.0,36.525,767.025,43527,12:25:00,Cash,730.5,4.761904762,36.525,8.7
197-77-7132,B,Mumbai,Member,Male,Electronic accessories,91.56,8.0,36.624,769.104,43800,18:22:00,Ewallet,732.48,4.761904762,36.624,6.0
250-14-6778,B,Mumbai,Member,Male,Electronic accessories,91.56,8.0,36.624,769.104,43800,18:22:00,Ewallet,732.48,4.761904762,36.624,6.0
142-32-3198,A,Delhi,Member,Male,Electronic accessories,73.47,10.0,36.735,771.435,3/23/2019,13:14:00,Ewallet,734.7,4.761904762,36.735,9.5
884-80-6021,A,Mumbai,Member,Female,Food and beverages,73.47,10.0,36.735,771.435,3/23/2019,13:14:00,Ewallet,734.7,4.761904762,36.735,9.5
315-22-5665,C,Hyderabad,Normal,Male,Home and lifestyle,73.56,10.0,36.78,772.38,2/24/2019,11:38:00,Cash,735.6,4.761904762,36.78,8.0
225-57-4077,C,Hyderabad,Normal,Male,Home and lifestyle,73.56,10.0,36.78,772.38,2/24/2019,11:38:00,Cash,735.6,4.761904762,36.78,8.0
366-60-1383,A,Delhi,Member,Male,Electronic accessories,74.22,10.0,37.11,779.31,43466,14:42:00,Cash,742.2,4.761904762,37.11,4.3
416-17-9926,A,Mumbai,Member,Female,Electronic accessories,74.22,10.0,37.11,779.31,43466,14:42:00,Cash,742.2,4.761904762,37.11,4.3
559-58-4802,C,Delhi,Member,Male,Food and beverages,74.22,10.0,37.11,779.31,43466,14:42:00,Cash,742.2,4.761904762,37.11,4.3
524-49-1502,C,Mumbai,Member,Male,Electronic accessories,74.22,10.0,37.11,779.31,43466,14:42:00,Cash,742.2,4.761904762,37.11,4.3
243-55-8457,A,Delhi,Normal,Female,Food and beverages,74.44,10.0,37.22,781.62,2/27/2019,11:40:00,Cash,744.4,4.761904762,37.22,5.1
766-30-9061,A,Delhi,Normal,Male,Food and beverages,74.44,10.0,37.22,781.62,2/27/2019,11:40:00,Ewallet,744.4,4.761904762,37.22,5.1
453-33-6436,A,Mumbai,Normal,Female,Home and lifestyle,93.12,8.0,37.248,782.208,43648,10:09:00,Cash,744.96,4.761904762,37.248,6.8
571-94-0759,B,Mumbai,Member,Male,Food and beverages,74.6,10.0,37.3,783.3,43678,20:55:00,Cash,746.0,4.761904762,37.3,9.5
233-14-1671,A,Mumbai,Member,Female,Food and beverages,74.6,10.0,37.3,783.3,43678,20:55:00,Cash,746.0,4.761904762,37.3,9.5
746-94-0204,A,Delhi,Normal,Male,Fashion accessories,83.24,9.0,37.458,786.618,1/29/2019,11:56:00,Credit card,749.16,4.761904762,37.458,7.4
376-02-8238,B,Mumbai,Normal,Male,Home and lifestyle,93.87,8.0,37.548,788.508,43498,18:42:00,Cash,750.96,4.761904762,37.548,8.3
820-68-3772,C,Mumbai,Normal,Male,Food and beverages,93.87,8.0,37.548,788.508,43498,18:42:00,Cash,750.96,4.761904762,37.548,8.3
515-86-8024,C,Hyderabad,Normal,Female,Food and beverages,94.47,8.0,37.788,793.548,2/27/2019,15:12:00,Cash,755.76,4.761904762,37.788,9.1
605-72-4132,C,Mumbai,Normal,Female,Food and beverages,94.47,8.0,37.788,793.548,2/27/2019,15:12:00,Cash,755.76,4.761904762,37.788,9.1
831-59-7587,C,Mumbai,Normal,Female,Food and beverages,94.47,8.0,37.788,793.548,2/27/2019,15:12:00,Cash,755.76,4.761904762,37.788,
305-14-0245,B,Mumbai,Member,Male,Home and lifestyle,94.49,8.0,37.796,793.716,43527,19:00:00,Cash,755.92,4.761904762,37.796,7.5
787-43-8015,A,Mumbai,Member,Male,Home and lifestyle,94.49,8.0,37.796,793.716,43527,19:00:00,Cash,755.92,4.761904762,37.796,7.5
418-02-5978,B,Mumbai,Normal,Male,Health and beauty,84.09,9.0,37.8405,794.6505,43771,10:54:00,Cash,756.81,4.761904762,37.8405,8.0
779-76-3432,C,Mumbai,Normal,Male,Health and beauty,84.09,9.0,37.8405,794.6505,43771,10:54:00,Cash,756.81,4.761904762,37.8405,8.0
549-03-9315,B,Mumbai,Normal,Male,Fashion accessories,94.87,8.0,37.948,796.908,43801,12:58:00,Ewallet,758.96,4.761904762,37.948,8.7
593-14-4239,B,Mumbai,Normal,Female,Home and lifestyle,95.46,8.0,38.184,801.864,43588,19:40:00,Ewallet,763.68,4.761904762,38.184,4.7
428-69-9001,B,Mumbai,Normal,Male,Sports and travel,76.6,10.0,38.3,804.3,1/24/2019,18:10:00,Cash,766.0,4.761904762,38.3,6.0
602-16-6955,B,Mumbai,Normal,Female,Sports and travel,76.6,10.0,38.3,804.3,1/24/2019,18:10:00,Ewallet,766.0,4.761904762,38.3,6.0
602-16-6955,B,Mumbai,Normal,Female,Sports and travel,76.6,10.0,38.3,804.3,1/24/2019,18:10:00,Ewallet,766.0,4.761904762,38.3,6.0
769-42-6693,C,Mumbai,Normal,Male,Sports and travel,76.6,10.0,38.3,804.3,1/24/2019,18:10:00,Cash,766.0,4.761904762,38.3,6.0
222-38-1865,B,Mumbai,Normal,Female,Sports and travel,76.6,10.0,38.3,804.3,1/24/2019,18:10:00,Ewallet,766.0,4.761904762,38.3,
889-66-4477,B,Mumbai,Normal,Female,Sports and travel,76.6,10.0,38.3,804.3,1/24/2019,18:10:00,Ewallet,766.0,4.761904762,38.3,
137-57-9401,A,Delhi,Member,Male,Sports and travel,76.92,10.0,38.46,807.66,3/17/2019,19:53:00,Ewallet,769.2,4.761904762,38.46,5.6
880-46-5796,A,Mumbai,Member,Male,Food and beverages,76.92,10.0,38.46,807.66,3/17/2019,19:53:00,Ewallet,769.2,4.761904762,38.46,5.6
654-30-1803,B,Mumbai,Member,Male,Food and beverages,77.2,10.0,38.6,810.6,43771,10:38:00,Credit card,772.0,4.761904762,38.6,5.6
842-40-8179,B,Mumbai,Member,Female,Food and beverages,77.2,10.0,38.6,810.6,43771,10:38:00,Credit card,772.0,4.761904762,38.6,5.6
121-16-9155,B,Hyderabad,Member,Male,Food and beverages,77.2,10.0,38.6,810.6,43771,10:38:00,Credit card,772.0,4.761904762,38.6,
373-09-4567,C,Hyderabad,Normal,Male,Food and beverages,77.56,10.0,38.78,814.38,3/14/2019,20:35:00,Cash,775.6,4.761904762,38.78,6.9
625-14-2396,C,Hyderabad,Normal,Male,Food and beverages,77.56,10.0,38.78,814.38,3/14/2019,20:35:00,Ewallet,775.6,4.761904762,38.78,6.9
874-89-1622,C,Hyderabad,Normal,Male,Food and beverages,77.56,10.0,38.78,814.38,3/14/2019,20:35:00,Cash,775.6,4.761904762,38.78,6.9
129-81-8822,C,Hyderabad,Normal,Male,Food and beverages,77.56,10.0,38.78,814.38,3/14/2019,20:35:00,Ewallet,775.6,4.761904762,38.78,
652-43-6591,A,Mumbai,Normal,Female,Fashion accessories,97.29,8.0,38.916,817.236,43711,13:18:00,Credit card,778.32,4.761904762,38.916,6.2
237-65-5822,A,Hyderabad,Normal,Female,Fashion accessories,97.29,8.0,38.916,817.236,43711,13:18:00,Credit card,778.32,4.761904762,38.916,
227-07-4446,C,Mumbai,Normal,Female,Electronic accessories,78.13,10.0,39.065,820.365,43740,20:51:00,Cash,781.3,4.761904762,39.065,4.4
619-47-5576,C,Hyderabad,Member,Male,Electronic accessories,78.13,10.0,39.065,820.365,43740,20:51:00,Cash,781.3,4.761904762,39.065,4.4
603-17-7605,C,Hyderabad,Member,Male,Electronic accessories,78.13,10.0,39.065,820.365,43740,20:51:00,Cash,781.3,4.761904762,39.065,
257-79-4108,C,Hyderabad,Member,Female,Food and beverages,78.31,10.0,39.155,822.255,43588,16:24:00,Ewallet,783.1,4.761904762,39.155,6.6
829-49-1914,C,Hyderabad,Member,Male,Food and beverages,78.31,10.0,39.155,822.255,43588,16:24:00,Ewallet,783.1,4.761904762,39.155,6.6
232-11-3025,A,Delhi,Normal,Male,Sports and travel,78.77,10.0,39.385,827.085,1/24/2019,10:04:00,Cash,787.7,4.761904762,39.385,6.4
111-99-2090,C,Hyderabad,Member,Female,Food and beverages,98.7,8.0,39.48,829.08,43558,20:39:00,Cash,789.6,4.761904762,39.48,7.6
228-96-1411,C,Hyderabad,Member,Male,Food and beverages,98.7,8.0,39.48,829.08,43558,20:39:00,Cash,789.6,4.761904762,39.48,7.6
699-93-1100,C,Hyderabad,Normal,Male,Fashion accessories,98.7,8.0,39.48,829.08,1/31/2019,10:36:00,Ewallet,789.6,4.761904762,39.48,8.5
735-32-9839,C,Hyderabad,Member,Male,Fashion accessories,98.7,8.0,39.48,829.08,1/31/2019,10:36:00,Ewallet,789.6,4.761904762,39.48,8.5
162-93-5905,C,Hyderabad,Normal,Female,Food and beverages,87.8,9.0,39.51,829.71,3/16/2019,19:08:00,Cash,790.2,4.761904762,39.51,9.2
286-43-6208,C,Hyderabad,Normal,Male,Food and beverages,87.8,9.0,39.51,829.71,3/16/2019,19:08:00,Cash,790.2,4.761904762,39.51,9.2
653-84-1946,A,Hyderabad,Normal,Male,Food and beverages,87.8,9.0,39.51,829.71,3/16/2019,19:08:00,Ewallet,790.2,4.761904762,39.51,9.2
457-94-0464,B,Mumbai,Member,Male,Electronic accessories,87.87,9.0,39.5415,830.3715,1/31/2019,20:32:00,Ewallet,790.83,4.761904762,39.5415,5.6
540-69-1313,B,Mumbai,Member,Male,Electronic accessories,87.87,9.0,39.5415,830.3715,1/31/2019,20:32:00,Ewallet,790.83,4.761904762,39.5415,5.6
699-88-1972,B,Mumbai,Normal,Male,Health and beauty,99.16,8.0,39.664,832.944,1/28/2019,17:47:00,Cash,793.28,4.761904762,39.664,4.2
533-33-5337,C,Mumbai,Normal,Male,Electronic accessories,79.39,10.0,39.695,833.595,43648,20:24:00,Cash,793.9,4.761904762,39.695,6.2
710-81-9529,B,Mumbai,Normal,Male,Electronic accessories,79.39,10.0,39.695,833.595,43648,20:24:00,Cash,793.9,4.761904762,39.695,6.2
431-66-2305,B,Mumbai,Normal,Female,Electronic accessories,88.25,9.0,39.7125,833.9625,2/15/2019,20:51:00,Cash,794.25,4.761904762,39.7125,7.6
859-87-1016,B,Mumbai,Normal,Male,Food and beverages,88.25,9.0,39.7125,833.9625,2/15/2019,20:51:00,Credit card,794.25,4.761904762,39.7125,7.6
998-60-9929,C,Mumbai,Normal,Male,Electronic accessories,88.25,9.0,39.7125,833.9625,2/15/2019,20:51:00,Cash,794.25,4.761904762,39.7125,7.6
640-48-5028,C,Mumbai,Member,Female,Home and lifestyle,88.39,9.0,39.7755,835.2855,43499,12:40:00,Cash,795.51,4.761904762,39.7755,6.3
781-21-1725,C,Hyderabad,Member,Female,Home and lifestyle,88.39,9.0,39.7755,835.2855,43499,12:40:00,Cash,795.51,4.761904762,39.7755,
135-14-1684,A,Delhi,Normal,Male,Electronic accessories,99.56,8.0,39.824,836.304,2/14/2019,17:03:00,Credit card,796.48,4.761904762,39.824,5.2
638-60-7125,A,Delhi,Normal,Male,Electronic accessories,99.56,8.0,39.824,836.304,2/14/2019,17:03:00,Credit card,796.48,4.761904762,39.824,5.2
962-42-4499,A,Hyderabad,Normal,Male,Electronic accessories,99.56,8.0,39.824,836.304,2/14/2019,17:03:00,Credit card,796.48,4.761904762,39.824,
138-17-5109,C,Delhi,Member,Female,Home and lifestyle,89.21,9.0,40.1445,843.0345,1/15/2019,15:42:00,Credit card,802.89,4.761904762,40.1445,6.5
698-98-5964,C,Delhi,Normal,Female,Food and beverages,81.21,10.0,40.605,852.705,1/17/2019,13:01:00,Credit card,812.1,4.761904762,40.605,6.3
717-94-3810,A,Delhi,Normal,Female,Food and beverages,81.21,10.0,40.605,852.705,1/17/2019,13:01:00,Credit card,812.1,4.761904762,40.605,6.3
549-84-7482,B,Mumbai,Normal,Male,Sports and travel,90.28,9.0,40.626,853.146,43679,11:15:00,Ewallet,812.52,4.761904762,40.626,7.2
678-79-0726,C,Hyderabad,Member,Female,Sports and travel,90.63,9.0,40.7835,856.4535,1/18/2019,15:28:00,Cash,815.67,4.761904762,40.7835,5.1
679-46-5541,C,Hyderabad,Member,Male,Sports and travel,90.63,9.0,40.7835,856.4535,1/18/2019,15:28:00,Cash,815.67,4.761904762,40.7835,5.1
703-41-3645,C,Hyderabad,Member,Female,Sports and travel,90.63,9.0,40.7835,856.4535,1/18/2019,15:28:00,Cash,815.67,4.761904762,40.7835,
483-36-4657,C,Hyderabad,Member,Male,Sports and travel,90.63,9.0,40.7835,856.4535,1/18/2019,15:28:00,Cash,815.67,4.761904762,40.7835,
607-65-2441,C,Mumbai,Member,Male,Health and beauty,81.95,10.0,40.975,860.475,43741,12:39:00,Credit card,819.5,4.761904762,40.975,6.0
990-48-8039,C,Mumbai,Member,Male,Health and beauty,81.95,10.0,40.975,860.475,43741,12:39:00,Credit card,819.5,4.761904762,40.975,
362-91-6412,C,Hyderabad,Member,Male,Electronic accessories,81.97,10.0,40.985,860.685,43527,14:30:00,Cash,819.7,4.761904762,40.985,9.2
861-77-0145,C,Mumbai,Member,Male,Food and beverages,81.97,10.0,40.985,860.685,43527,14:30:00,Cash,819.7,4.761904762,40.985,9.2
286-67-5277,C,Hyderabad,Member,Male,Food and beverages,81.97,10.0,40.985,860.685,43527,14:30:00,Cash,819.7,4.761904762,40.985,9.2
267-62-7380,C,Mumbai,Member,Male,Electronic accessories,82.34,10.0,41.17,864.57,3/29/2019,19:12:00,Cash,823.4,4.761904762,41.17,4.3
672-66-2340,C,Hyderabad,Member,Male,Electronic accessories,82.34,10.0,41.17,864.57,3/29/2019,19:12:00,Ewallet,823.4,4.761904762,41.17,4.3
282-15-1867,C,Hyderabad,Member,Male,Electronic accessories,82.34,10.0,41.17,864.57,3/29/2019,19:12:00,Ewallet,823.4,4.761904762,41.17,
628-90-8624,C,Mumbai,Member,Male,Health and beauty,82.58,10.0,41.29,867.09,3/14/2019,14:41:00,Cash,825.8,4.761904762,41.29,5.0
479-55-8468,C,Hyderabad,Member,Male,Health and beauty,82.58,10.0,41.29,867.09,3/14/2019,14:41:00,Cash,825.8,4.761904762,41.29,
574-22-5561,C,Hyderabad,Member,Male,Fashion accessories,82.63,10.0,41.315,867.615,3/19/2019,17:08:00,Ewallet,826.3,4.761904762,41.315,7.9
239-71-7876,B,Mumbai,Normal,Male,Fashion accessories,83.25,10.0,41.625,874.125,43800,11:25:00,Credit card,832.5,4.761904762,41.625,4.4
852-62-7105,C,Mumbai,Normal,Female,Food and beverages,83.25,10.0,41.625,874.125,43800,11:25:00,Cash,832.5,4.761904762,41.625,4.4
677-11-0152,C,Hyderabad,Normal,Male,Food and beverages,93.26,9.0,41.967,881.307,1/16/2019,18:08:00,Cash,839.34,4.761904762,41.967,8.8
859-53-4475,C,Mumbai,Normal,Female,Food and beverages,93.26,9.0,41.967,881.307,1/16/2019,18:08:00,Cash,839.34,4.761904762,41.967,8.8
822-27-6151,C,Hyderabad,Normal,Male,Food and beverages,93.26,9.0,41.967,881.307,1/16/2019,18:08:00,Cash,839.34,4.761904762,41.967,
805-86-0265,A,Mumbai,Normal,Male,Home and lifestyle,93.96,9.0,42.282,887.922,3/20/2019,11:32:00,Cash,845.64,4.761904762,42.282,9.8
450-42-3339,C,Mumbai,Normal,Male,Health and beauty,84.61,10.0,42.305,888.405,43710,18:58:00,Cash,846.1,4.761904762,42.305,8.8
432-35-6675,C,Mumbai,Normal,Male,Food and beverages,84.61,10.0,42.305,888.405,43710,18:58:00,Cash,846.1,4.761904762,42.305,8.8
321-41-7523,C,Mumbai,Normal,Male,Food and beverages,84.61,10.0,42.305,888.405,43710,18:58:00,Cash,846.1,4.761904762,42.305,8.8
746-04-1077,B,Mumbai,Member,Female,Food and beverages,84.63,10.0,42.315,888.615,43466,11:36:00,Cash,846.3,4.761904762,42.315,9.0
872-66-7584,B,Mumbai,Member,Male,Food and beverages,84.63,10.0,42.315,888.615,43466,11:36:00,Credit card,846.3,4.761904762,42.315,9.0
193-68-1358,C,Hyderabad,Member,Female,Food and beverages,87.1,10.0,43.55,914.55,43801,14:45:00,Credit card,871.0,4.761904762,43.55,9.9
641-51-2661,C,Hyderabad,Member,Female,Food and beverages,87.1,10.0,43.55,914.55,43801,14:45:00,Credit card,871.0,4.761904762,43.55,9.9
843-19-2838,C,Hyderabad,Member,Female,Food and beverages,87.1,10.0,43.55,914.55,43801,14:45:00,Credit card,871.0,4.761904762,43.55,
743-04-1105,B,Mumbai,Member,Male,Health and beauty,97.22,9.0,43.749,918.729,3/30/2019,14:43:00,Ewallet,874.98,4.761904762,43.749,6.0
139-32-4183,A,Mumbai,Member,Female,Sports and travel,97.48,9.0,43.866,921.186,3/14/2019,14:19:00,Cash,877.32,4.761904762,43.866,7.4
261-51-5044,A,Delhi,Member,Male,Sports and travel,97.48,9.0,43.866,921.186,3/14/2019,14:19:00,Ewallet,877.32,4.761904762,43.866,7.4
766-85-7061,B,Mumbai,Normal,Male,Health and beauty,87.87,10.0,43.935,922.635,3/29/2019,10:25:00,Ewallet,878.7,4.761904762,43.935,5.1
731-29-5327,A,Delhi,Normal,Male,Sports and travel,98.09,9.0,44.1405,926.9505,2/17/2019,19:41:00,Cash,882.81,4.761904762,44.1405,9.3
827-77-7633,C,Delhi,Normal,Male,Sports and travel,98.09,9.0,44.1405,926.9505,2/17/2019,19:41:00,Cash,882.81,4.761904762,44.1405,9.3
265-34-1832,A,Delhi,Member,Male,Electronic accessories,88.67,10.0,44.335,931.035,43800,14:50:00,Ewallet,886.7,4.761904762,44.335,7.3
704-48-3927,A,Delhi,Member,Male,Electronic accessories,88.67,10.0,44.335,931.035,43800,14:50:00,Ewallet,886.7,4.761904762,44.335,7.3
384-59-6655,A,Delhi,Member,Female,Food and beverages,98.66,9.0,44.397,932.337,2/19/2019,15:07:00,Cash,887.94,4.761904762,44.397,8.4
974-84-6258,A,Mumbai,Member,Male,Food and beverages,98.66,9.0,44.397,932.337,2/19/2019,15:07:00,Cash,887.94,4.761904762,44.397,8.4
604-46-7906,C,Delhi,Member,Male,Food and beverages,98.66,9.0,44.397,932.337,2/19/2019,15:07:00,Cash,887.94,4.761904762,44.397,8.4
277-35-5865,C,Hyderabad,Member,Female,Food and beverages,98.97,9.0,44.5365,935.2665,43711,11:23:00,Cash,890.73,4.761904762,44.5365,6.7
748-89-4432,C,Hyderabad,Member,Female,Food and beverages,98.97,9.0,44.5365,935.2665,43711,11:23:00,Cash,890.73,4.761904762,44.5365,6.7
822-35-9863,A,Hyderabad,Member,Female,Food and beverages,98.97,9.0,44.5365,935.2665,43711,11:23:00,Ewallet,890.73,4.761904762,44.5365,6.7
365-46-4304,C,Hyderabad,Normal,Male,Food and beverages,89.2,10.0,44.6,936.6,43771,15:42:00,Cash,892.0,4.761904762,44.6,4.4
866-99-7614,C,Mumbai,Normal,Male,Food and beverages,89.2,10.0,44.6,936.6,43771,15:42:00,Credit card,892.0,4.761904762,44.6,4.4
450-76-1964,C,Hyderabad,Normal,Male,Food and beverages,89.2,10.0,44.6,936.6,43771,15:42:00,Cash,892.0,4.761904762,44.6,4.4
236-34-2889,C,Hyderabad,Normal,Male,Sports and travel,99.24,9.0,44.658,937.818,3/19/2019,19:09:00,Ewallet,893.16,4.761904762,44.658,9.0
751-69-0068,C,Hyderabad,Normal,Male,Sports and travel,99.24,9.0,44.658,937.818,3/19/2019,19:09:00,Ewallet,893.16,4.761904762,44.658,9.0
393-65-2792,C,Hyderabad,Normal,Male,Food and beverages,89.48,10.0,44.74,939.54,43617,12:46:00,Cash,894.8,4.761904762,44.74,9.6
555-33-1909,C,Hyderabad,Normal,Male,Food and beverages,89.48,10.0,44.74,939.54,43617,12:46:00,Credit card,894.8,4.761904762,44.74,9.6
258-61-1614,C,Hyderabad,Normal,Male,Food and beverages,89.48,10.0,44.74,939.54,43617,12:46:00,Cash,894.8,4.761904762,44.74,9.6
163-51-6674,B,Mumbai,Normal,Male,Electronic accessories,99.73,9.0,44.8785,942.4485,43499,19:42:00,Credit card,897.57,4.761904762,44.8785,6.5
817-69-8206,B,Mumbai,Normal,Male,Electronic accessories,99.73,9.0,44.8785,942.4485,43499,19:42:00,Credit card,897.57,4.761904762,44.8785,6.5
731-81-9469,C,Hyderabad,Member,Male,Sports and travel,89.8,10.0,44.9,942.9,1/23/2019,13:00:00,Credit card,898.0,4.761904762,44.9,5.4
702-83-5291,C,Hyderabad,Member,Male,Fashion accessories,99.82,9.0,44.919,943.299,3/27/2019,10:43:00,Cash,898.38,4.761904762,44.919,6.6
219-22-9386,B,Mumbai,Member,Male,Sports and travel,99.96,9.0,44.982,944.622,43711,17:26:00,Credit card,899.64,4.761904762,44.982,4.2
280-17-4359,C,Hyderabad,Member,Male,Health and beauty,90.5,10.0,45.25,950.25,1/25/2019,13:48:00,Cash,905.0,4.761904762,45.25,8.1
573-31-7064,A,Hyderabad,Member,Male,Food and beverages,90.5,10.0,45.25,950.25,1/25/2019,13:48:00,Ewallet,905.0,4.761904762,45.25,8.1
325-77-6186,C,Delhi,Member,Female,Home and lifestyle,90.65,10.0,45.325,951.825,43680,10:53:00,Cash,906.5,4.761904762,45.325,7.3
677-88-1371,C,Delhi,Member,Female,Home and lifestyle,90.65,10.0,45.325,951.825,43680,10:53:00,Cash,906.5,4.761904762,45.325,7.3
554-42-2417,C,Mumbai,Normal,Female,Sports and travel,95.44,10.0,47.72,1002.12,43709,13:45:00,Cash,954.4,4.761904762,47.72,5.2
234-65-2137,C,Hyderabad,Normal,Male,Home and lifestyle,95.58,10.0,47.79,1003.59,1/16/2019,13:32:00,Cash,955.8,4.761904762,47.79,4.8
271-88-8734,C,Hyderabad,Member,Female,Fashion accessories,97.21,10.0,48.605,1020.705,43679,13:00:00,Credit card,972.1,4.761904762,48.605,8.7
469-63-7221,C,Hyderabad,Member,Male,Fashion accessories,97.21,10.0,48.605,1020.705,43679,13:00:00,Credit card,972.1,4.761904762,48.605,8.7
744-16-7898,B,Mumbai,Normal,Female,Home and lifestyle,97.37,10.0,48.685,1022.385,1/15/2019,13:48:00,Credit card,973.7,4.761904762,48.685,4.9
303-96-2227,B,Mumbai,Normal,Female,Home and lifestyle,97.38,10.0,48.69,1022.49,43499,17:16:00,Cash,973.8,4.761904762,48.69,4.4
431-47-4785,A,Mumbai,Normal,Female,Home and lifestyle,97.38,10.0,48.69,1022.49,43499,17:16:00,Cash,973.8,4.761904762,48.69,4.4
751-41-9720,C,Hyderabad,Normal,Male,Home and lifestyle,97.5,10.0,48.75,1023.75,43800,16:18:00,Ewallet,975.0,4.761904762,48.75,8.0
283-26-5248,C,Hyderabad,Member,Female,Food and beverages,98.52,10.0,49.26,1034.46,1/30/2019,20:23:00,Cash,985.2,4.761904762,49.26,4.5
764-71-2361,C,Hyderabad,Member,Female,Food and beverages,98.52,10.0,49.26,1034.46,1/30/2019,20:23:00,Ewallet,985.2,4.761904762,49.26,4.5
172-55-8879,A,Hyderabad,Member,Female,Food and beverages,98.52,10.0,49.26,1034.46,1/30/2019,20:23:00,Ewallet,985.2,4.761904762,49.26,4.5
687-47-8271,A,Delhi,Normal,Male,Fashion accessories,98.98,10.0,49.49,1039.29,43679,16:20:00,Credit card,989.8,4.761904762,49.49,8.7
682-13-5569,A,Delhi,Normal,Male,Fashion accessories,98.98,10.0,49.49,1039.29,43679,16:20:00,Credit card,989.8,4.761904762,49.49,
166-98-4810,C,Hyderabad,Member,Male,Fashion accessories,99.3,10.0,49.65,1042.65,2/15/2019,14:53:00,Credit card,993.0,4.761904762,49.65,6.6
860-79-0874,C,Mumbai,Normal,Female,Food and beverages,99.3,10.0,49.65,1042.65,2/15/2019,14:53:00,Credit card,993.0,4.761904762,49.65,6.6
,,,,,,,,,,,,,,,,
,,,,,,,,,,,,,,,,
